ISO-10303-21;
HEADER;
FILE_DESCRIPTION(('FreeCAD Model'),'2;1');
FILE_NAME('Open CASCADE Shape Model','2026-08-30T16:34:42',('Author'),(
    ''),'Open CASCADE STEP processor 7.8','FreeCAD','Unknown');
FILE_SCHEMA(('AUTOMOTIVE_DESIGN { 1 0 10303 214 1 1 1 1 }'));
ENDSEC;
DATA;
#1 = APPLICATION_PROTOCOL_DEFINITION('international standard',
  'automotive_design',2000,#2);
#2 = APPLICATION_CONTEXT(
  'core data for automotive mechanical design processes');
#3 = SHAPE_DEFINITION_REPRESENTATION(#4,#10);
#4 = PRODUCT_DEFINITION_SHAPE('','',#5);
#5 = PRODUCT_DEFINITION('design','',#6,#9);
#6 = PRODUCT_DEFINITION_FORMATION('','',#7);
#7 = PRODUCT('Case','Case','',(#8));
#8 = PRODUCT_CONTEXT('',#2,'mechanical');
#9 = PRODUCT_DEFINITION_CONTEXT('part definition',#2,'design');
#10 = ADVANCED_BREP_SHAPE_REPRESENTATION('',(#11,#15),#2295);
#11 = AXIS2_PLACEMENT_3D('',#12,#13,#14);
#12 = CARTESIAN_POINT('',(0.,0.,0.));
#13 = DIRECTION('',(0.,0.,1.));
#14 = DIRECTION('',(1.,0.,-0.));
#15 = MANIFOLD_SOLID_BREP('',#16);
#16 = CLOSED_SHELL('',(#17,#171,#210,#235,#260,#318,#342,#367,#392,#417,
    #442,#529,#601,#707,#797,#822,#847,#872,#897,#926,#943,#981,#1005,
    #1036,#1048,#1060,#1069,#1136,#1232,#1337,#1354,#1423,#1492,#1509,
    #1614,#1712,#1777,#1835,#1900,#1946,#1955,#1964,#1973,#1985,#2011,
    #2029,#2047,#2065,#2091,#2109,#2137,#2172,#2184,#2219,#2231,#2259,
    #2268,#2277,#2286));
#17 = ADVANCED_FACE('',(#18,#88,#99,#133,#144,#155),#166,.T.);
#18 = FACE_BOUND('',#19,.T.);
#19 = EDGE_LOOP('',(#20,#30,#39,#47,#56,#64,#73,#81));
#20 = ORIENTED_EDGE('',*,*,#21,.F.);
#21 = EDGE_CURVE('',#22,#24,#26,.T.);
#22 = VERTEX_POINT('',#23);
#23 = CARTESIAN_POINT('',(222.,56.,12.));
#24 = VERTEX_POINT('',#25);
#25 = CARTESIAN_POINT('',(222.,-61.,12.));
#26 = LINE('',#27,#28);
#27 = CARTESIAN_POINT('',(222.,61.,12.));
#28 = VECTOR('',#29,1.);
#29 = DIRECTION('',(0.,-1.,0.));
#30 = ORIENTED_EDGE('',*,*,#31,.F.);
#31 = EDGE_CURVE('',#32,#22,#34,.T.);
#32 = VERTEX_POINT('',#33);
#33 = CARTESIAN_POINT('',(217.,61.,12.));
#34 = CIRCLE('',#35,5.);
#35 = AXIS2_PLACEMENT_3D('',#36,#37,#38);
#36 = CARTESIAN_POINT('',(217.,56.,12.));
#37 = DIRECTION('',(-0.,-0.,-1.));
#38 = DIRECTION('',(0.,-1.,0.));
#39 = ORIENTED_EDGE('',*,*,#40,.F.);
#40 = EDGE_CURVE('',#41,#32,#43,.T.);
#41 = VERTEX_POINT('',#42);
#42 = CARTESIAN_POINT('',(-161.,61.,12.));
#43 = LINE('',#44,#45);
#44 = CARTESIAN_POINT('',(-166.,61.,12.));
#45 = VECTOR('',#46,1.);
#46 = DIRECTION('',(1.,0.,0.));
#47 = ORIENTED_EDGE('',*,*,#48,.T.);
#48 = EDGE_CURVE('',#41,#49,#51,.T.);
#49 = VERTEX_POINT('',#50);
#50 = CARTESIAN_POINT('',(-166.,56.,12.));
#51 = CIRCLE('',#52,5.);
#52 = AXIS2_PLACEMENT_3D('',#53,#54,#55);
#53 = CARTESIAN_POINT('',(-161.,56.,12.));
#54 = DIRECTION('',(-0.,0.,1.));
#55 = DIRECTION('',(0.,-1.,0.));
#56 = ORIENTED_EDGE('',*,*,#57,.F.);
#57 = EDGE_CURVE('',#58,#49,#60,.T.);
#58 = VERTEX_POINT('',#59);
#59 = CARTESIAN_POINT('',(-166.,-61.,12.));
#60 = LINE('',#61,#62);
#61 = CARTESIAN_POINT('',(-166.,-66.,12.));
#62 = VECTOR('',#63,1.);
#63 = DIRECTION('',(0.,1.,0.));
#64 = ORIENTED_EDGE('',*,*,#65,.F.);
#65 = EDGE_CURVE('',#66,#58,#68,.T.);
#66 = VERTEX_POINT('',#67);
#67 = CARTESIAN_POINT('',(-161.,-66.,12.));
#68 = CIRCLE('',#69,5.);
#69 = AXIS2_PLACEMENT_3D('',#70,#71,#72);
#70 = CARTESIAN_POINT('',(-161.,-61.,12.));
#71 = DIRECTION('',(-0.,-0.,-1.));
#72 = DIRECTION('',(0.,-1.,0.));
#73 = ORIENTED_EDGE('',*,*,#74,.F.);
#74 = EDGE_CURVE('',#75,#66,#77,.T.);
#75 = VERTEX_POINT('',#76);
#76 = CARTESIAN_POINT('',(217.,-66.,12.));
#77 = LINE('',#78,#79);
#78 = CARTESIAN_POINT('',(222.,-66.,12.));
#79 = VECTOR('',#80,1.);
#80 = DIRECTION('',(-1.,0.,0.));
#81 = ORIENTED_EDGE('',*,*,#82,.F.);
#82 = EDGE_CURVE('',#24,#75,#83,.T.);
#83 = CIRCLE('',#84,5.);
#84 = AXIS2_PLACEMENT_3D('',#85,#86,#87);
#85 = CARTESIAN_POINT('',(217.,-61.,12.));
#86 = DIRECTION('',(-0.,-0.,-1.));
#87 = DIRECTION('',(0.,-1.,0.));
#88 = FACE_BOUND('',#89,.T.);
#89 = EDGE_LOOP('',(#90));
#90 = ORIENTED_EDGE('',*,*,#91,.F.);
#91 = EDGE_CURVE('',#92,#92,#94,.T.);
#92 = VERTEX_POINT('',#93);
#93 = CARTESIAN_POINT('',(-159.,-61.,12.));
#94 = CIRCLE('',#95,2.);
#95 = AXIS2_PLACEMENT_3D('',#96,#97,#98);
#96 = CARTESIAN_POINT('',(-161.,-61.,12.));
#97 = DIRECTION('',(0.,0.,1.));
#98 = DIRECTION('',(1.,0.,0.));
#99 = FACE_BOUND('',#100,.T.);
#100 = EDGE_LOOP('',(#101,#111,#119,#127));
#101 = ORIENTED_EDGE('',*,*,#102,.T.);
#102 = EDGE_CURVE('',#103,#105,#107,.T.);
#103 = VERTEX_POINT('',#104);
#104 = CARTESIAN_POINT('',(-156.000002,-56.000001,12.));
#105 = VERTEX_POINT('',#106);
#106 = CARTESIAN_POINT('',(-156.000002,51.,12.));
#107 = LINE('',#108,#109);
#108 = CARTESIAN_POINT('',(-156.000002,-56.000001,12.));
#109 = VECTOR('',#110,1.);
#110 = DIRECTION('',(0.,1.,0.));
#111 = ORIENTED_EDGE('',*,*,#112,.T.);
#112 = EDGE_CURVE('',#105,#113,#115,.T.);
#113 = VERTEX_POINT('',#114);
#114 = CARTESIAN_POINT('',(212.,51.,12.));
#115 = LINE('',#116,#117);
#116 = CARTESIAN_POINT('',(-156.000002,51.,12.));
#117 = VECTOR('',#118,1.);
#118 = DIRECTION('',(1.,0.,0.));
#119 = ORIENTED_EDGE('',*,*,#120,.T.);
#120 = EDGE_CURVE('',#113,#121,#123,.T.);
#121 = VERTEX_POINT('',#122);
#122 = CARTESIAN_POINT('',(212.,-56.000001,12.));
#123 = LINE('',#124,#125);
#124 = CARTESIAN_POINT('',(212.,51.,12.));
#125 = VECTOR('',#126,1.);
#126 = DIRECTION('',(0.,-1.,0.));
#127 = ORIENTED_EDGE('',*,*,#128,.T.);
#128 = EDGE_CURVE('',#121,#103,#129,.T.);
#129 = LINE('',#130,#131);
#130 = CARTESIAN_POINT('',(212.,-56.000001,12.));
#131 = VECTOR('',#132,1.);
#132 = DIRECTION('',(-1.,0.,0.));
#133 = FACE_BOUND('',#134,.T.);
#134 = EDGE_LOOP('',(#135));
#135 = ORIENTED_EDGE('',*,*,#136,.F.);
#136 = EDGE_CURVE('',#137,#137,#139,.T.);
#137 = VERTEX_POINT('',#138);
#138 = CARTESIAN_POINT('',(219.,-61.,12.));
#139 = CIRCLE('',#140,2.);
#140 = AXIS2_PLACEMENT_3D('',#141,#142,#143);
#141 = CARTESIAN_POINT('',(217.,-61.,12.));
#142 = DIRECTION('',(0.,0.,1.));
#143 = DIRECTION('',(1.,0.,0.));
#144 = FACE_BOUND('',#145,.T.);
#145 = EDGE_LOOP('',(#146));
#146 = ORIENTED_EDGE('',*,*,#147,.F.);
#147 = EDGE_CURVE('',#148,#148,#150,.T.);
#148 = VERTEX_POINT('',#149);
#149 = CARTESIAN_POINT('',(-159.,56.,12.));
#150 = CIRCLE('',#151,2.);
#151 = AXIS2_PLACEMENT_3D('',#152,#153,#154);
#152 = CARTESIAN_POINT('',(-161.,56.,12.));
#153 = DIRECTION('',(0.,0.,1.));
#154 = DIRECTION('',(1.,0.,0.));
#155 = FACE_BOUND('',#156,.T.);
#156 = EDGE_LOOP('',(#157));
#157 = ORIENTED_EDGE('',*,*,#158,.F.);
#158 = EDGE_CURVE('',#159,#159,#161,.T.);
#159 = VERTEX_POINT('',#160);
#160 = CARTESIAN_POINT('',(219.,56.,12.));
#161 = CIRCLE('',#162,2.);
#162 = AXIS2_PLACEMENT_3D('',#163,#164,#165);
#163 = CARTESIAN_POINT('',(217.,56.,12.));
#164 = DIRECTION('',(0.,0.,1.));
#165 = DIRECTION('',(1.,0.,0.));
#166 = PLANE('',#167);
#167 = AXIS2_PLACEMENT_3D('',#168,#169,#170);
#168 = CARTESIAN_POINT('',(27.999999520202,-2.500000239899,12.));
#169 = DIRECTION('',(0.,0.,1.));
#170 = DIRECTION('',(1.,0.,0.));
#171 = ADVANCED_FACE('',(#172),#205,.T.);
#172 = FACE_BOUND('',#173,.T.);
#173 = EDGE_LOOP('',(#174,#175,#183,#191,#199));
#174 = ORIENTED_EDGE('',*,*,#21,.T.);
#175 = ORIENTED_EDGE('',*,*,#176,.F.);
#176 = EDGE_CURVE('',#177,#24,#179,.T.);
#177 = VERTEX_POINT('',#178);
#178 = CARTESIAN_POINT('',(222.,-61.,-10.55118109802));
#179 = LINE('',#180,#181);
#180 = CARTESIAN_POINT('',(222.,-61.,-10.));
#181 = VECTOR('',#182,1.);
#182 = DIRECTION('',(0.,0.,1.));
#183 = ORIENTED_EDGE('',*,*,#184,.F.);
#184 = EDGE_CURVE('',#185,#177,#187,.T.);
#185 = VERTEX_POINT('',#186);
#186 = CARTESIAN_POINT('',(222.,56.000001,-23.44881890197));
#187 = LINE('',#188,#189);
#188 = CARTESIAN_POINT('',(222.,61.000001,-24.));
#189 = VECTOR('',#190,1.);
#190 = DIRECTION('',(0.,-0.993978809941,0.109572466375));
#191 = ORIENTED_EDGE('',*,*,#192,.T.);
#192 = EDGE_CURVE('',#185,#193,#195,.T.);
#193 = VERTEX_POINT('',#194);
#194 = CARTESIAN_POINT('',(222.,56.000001,-10.));
#195 = LINE('',#196,#197);
#196 = CARTESIAN_POINT('',(222.,56.000001,-24.));
#197 = VECTOR('',#198,1.);
#198 = DIRECTION('',(0.,0.,1.));
#199 = ORIENTED_EDGE('',*,*,#200,.T.);
#200 = EDGE_CURVE('',#193,#22,#201,.T.);
#201 = LINE('',#202,#203);
#202 = CARTESIAN_POINT('',(222.,56.,-10.));
#203 = VECTOR('',#204,1.);
#204 = DIRECTION('',(0.,0.,1.));
#205 = PLANE('',#206);
#206 = AXIS2_PLACEMENT_3D('',#207,#208,#209);
#207 = CARTESIAN_POINT('',(222.,0.342350603374,-2.692330893421));
#208 = DIRECTION('',(1.,0.,0.));
#209 = DIRECTION('',(0.,0.,1.));
#210 = ADVANCED_FACE('',(#211),#230,.T.);
#211 = FACE_BOUND('',#212,.F.);
#212 = EDGE_LOOP('',(#213,#222,#223,#224));
#213 = ORIENTED_EDGE('',*,*,#214,.T.);
#214 = EDGE_CURVE('',#215,#193,#217,.T.);
#215 = VERTEX_POINT('',#216);
#216 = CARTESIAN_POINT('',(217.,61.000001,-10.));
#217 = CIRCLE('',#218,5.);
#218 = AXIS2_PLACEMENT_3D('',#219,#220,#221);
#219 = CARTESIAN_POINT('',(217.,56.000001,-10.));
#220 = DIRECTION('',(0.,0.,-1.));
#221 = DIRECTION('',(0.,1.,0.));
#222 = ORIENTED_EDGE('',*,*,#200,.T.);
#223 = ORIENTED_EDGE('',*,*,#31,.F.);
#224 = ORIENTED_EDGE('',*,*,#225,.F.);
#225 = EDGE_CURVE('',#215,#32,#226,.T.);
#226 = LINE('',#227,#228);
#227 = CARTESIAN_POINT('',(217.,61.,-10.));
#228 = VECTOR('',#229,1.);
#229 = DIRECTION('',(0.,0.,1.));
#230 = CYLINDRICAL_SURFACE('',#231,5.);
#231 = AXIS2_PLACEMENT_3D('',#232,#233,#234);
#232 = CARTESIAN_POINT('',(217.,56.,-10.));
#233 = DIRECTION('',(0.,0.,1.));
#234 = DIRECTION('',(0.,1.,0.));
#235 = ADVANCED_FACE('',(#236),#255,.T.);
#236 = FACE_BOUND('',#237,.F.);
#237 = EDGE_LOOP('',(#238,#247,#253,#254));
#238 = ORIENTED_EDGE('',*,*,#239,.T.);
#239 = EDGE_CURVE('',#177,#240,#242,.T.);
#240 = VERTEX_POINT('',#241);
#241 = CARTESIAN_POINT('',(217.,-66.,-10.));
#242 = ELLIPSE('',#243,5.030288322037,5.);
#243 = AXIS2_PLACEMENT_3D('',#244,#245,#246);
#244 = CARTESIAN_POINT('',(217.,-61.,-10.55118109802));
#245 = DIRECTION('',(-0.,-0.109572466375,-0.993978809941));
#246 = DIRECTION('',(0.,-0.993978809941,0.109572466375));
#247 = ORIENTED_EDGE('',*,*,#248,.T.);
#248 = EDGE_CURVE('',#240,#75,#249,.T.);
#249 = LINE('',#250,#251);
#250 = CARTESIAN_POINT('',(217.,-66.,-10.));
#251 = VECTOR('',#252,1.);
#252 = DIRECTION('',(0.,0.,1.));
#253 = ORIENTED_EDGE('',*,*,#82,.F.);
#254 = ORIENTED_EDGE('',*,*,#176,.F.);
#255 = CYLINDRICAL_SURFACE('',#256,5.);
#256 = AXIS2_PLACEMENT_3D('',#257,#258,#259);
#257 = CARTESIAN_POINT('',(217.,-61.,-10.));
#258 = DIRECTION('',(0.,0.,1.));
#259 = DIRECTION('',(1.,0.,-0.));
#260 = ADVANCED_FACE('',(#261,#279),#313,.T.);
#261 = FACE_BOUND('',#262,.T.);
#262 = EDGE_LOOP('',(#263,#271,#277,#278));
#263 = ORIENTED_EDGE('',*,*,#264,.F.);
#264 = EDGE_CURVE('',#265,#215,#267,.T.);
#265 = VERTEX_POINT('',#266);
#266 = CARTESIAN_POINT('',(-161.,61.000001,-10.));
#267 = LINE('',#268,#269);
#268 = CARTESIAN_POINT('',(-166.,61.,-10.));
#269 = VECTOR('',#270,1.);
#270 = DIRECTION('',(1.,0.,0.));
#271 = ORIENTED_EDGE('',*,*,#272,.T.);
#272 = EDGE_CURVE('',#265,#41,#273,.T.);
#273 = LINE('',#274,#275);
#274 = CARTESIAN_POINT('',(-161.,61.,-10.));
#275 = VECTOR('',#276,1.);
#276 = DIRECTION('',(0.,0.,1.));
#277 = ORIENTED_EDGE('',*,*,#40,.T.);
#278 = ORIENTED_EDGE('',*,*,#225,.F.);
#279 = FACE_BOUND('',#280,.T.);
#280 = EDGE_LOOP('',(#281,#291,#299,#307));
#281 = ORIENTED_EDGE('',*,*,#282,.F.);
#282 = EDGE_CURVE('',#283,#285,#287,.T.);
#283 = VERTEX_POINT('',#284);
#284 = CARTESIAN_POINT('',(195.135544,61.,2.130837));
#285 = VERTEX_POINT('',#286);
#286 = CARTESIAN_POINT('',(195.135544,61.,-2.840119));
#287 = LINE('',#288,#289);
#288 = CARTESIAN_POINT('',(195.135544,61.,2.130837));
#289 = VECTOR('',#290,1.);
#290 = DIRECTION('',(0.,-2.22044604925E-16,-1.));
#291 = ORIENTED_EDGE('',*,*,#292,.F.);
#292 = EDGE_CURVE('',#293,#283,#295,.T.);
#293 = VERTEX_POINT('',#294);
#294 = CARTESIAN_POINT('',(183.842834,61.,2.130837));
#295 = LINE('',#296,#297);
#296 = CARTESIAN_POINT('',(183.842834,61.,2.130837));
#297 = VECTOR('',#298,1.);
#298 = DIRECTION('',(1.,0.,0.));
#299 = ORIENTED_EDGE('',*,*,#300,.F.);
#300 = EDGE_CURVE('',#301,#293,#303,.T.);
#301 = VERTEX_POINT('',#302);
#302 = CARTESIAN_POINT('',(183.842834,61.,-2.840119));
#303 = LINE('',#304,#305);
#304 = CARTESIAN_POINT('',(183.842834,61.,-2.840119));
#305 = VECTOR('',#306,1.);
#306 = DIRECTION('',(0.,2.22044604925E-16,1.));
#307 = ORIENTED_EDGE('',*,*,#308,.F.);
#308 = EDGE_CURVE('',#285,#301,#309,.T.);
#309 = LINE('',#310,#311);
#310 = CARTESIAN_POINT('',(195.135544,61.,-2.840119));
#311 = VECTOR('',#312,1.);
#312 = DIRECTION('',(-1.,0.,0.));
#313 = PLANE('',#314);
#314 = AXIS2_PLACEMENT_3D('',#315,#316,#317);
#315 = CARTESIAN_POINT('',(-166.,61.,-10.));
#316 = DIRECTION('',(0.,1.,0.));
#317 = DIRECTION('',(1.,0.,0.));
#318 = ADVANCED_FACE('',(#319),#337,.T.);
#319 = FACE_BOUND('',#320,.T.);
#320 = EDGE_LOOP('',(#321,#329,#330,#331));
#321 = ORIENTED_EDGE('',*,*,#322,.F.);
#322 = EDGE_CURVE('',#240,#323,#325,.T.);
#323 = VERTEX_POINT('',#324);
#324 = CARTESIAN_POINT('',(-161.,-66.,-10.));
#325 = LINE('',#326,#327);
#326 = CARTESIAN_POINT('',(222.,-66.,-10.));
#327 = VECTOR('',#328,1.);
#328 = DIRECTION('',(-1.,0.,0.));
#329 = ORIENTED_EDGE('',*,*,#248,.T.);
#330 = ORIENTED_EDGE('',*,*,#74,.T.);
#331 = ORIENTED_EDGE('',*,*,#332,.F.);
#332 = EDGE_CURVE('',#323,#66,#333,.T.);
#333 = LINE('',#334,#335);
#334 = CARTESIAN_POINT('',(-161.,-66.,-10.));
#335 = VECTOR('',#336,1.);
#336 = DIRECTION('',(0.,0.,1.));
#337 = PLANE('',#338);
#338 = AXIS2_PLACEMENT_3D('',#339,#340,#341);
#339 = CARTESIAN_POINT('',(222.,-66.,-10.));
#340 = DIRECTION('',(-0.,-1.,-0.));
#341 = DIRECTION('',(-1.,0.,0.));
#342 = ADVANCED_FACE('',(#343),#362,.T.);
#343 = FACE_BOUND('',#344,.T.);
#344 = EDGE_LOOP('',(#345,#354,#360,#361));
#345 = ORIENTED_EDGE('',*,*,#346,.T.);
#346 = EDGE_CURVE('',#265,#347,#349,.T.);
#347 = VERTEX_POINT('',#348);
#348 = CARTESIAN_POINT('',(-166.,56.000001,-10.));
#349 = CIRCLE('',#350,5.);
#350 = AXIS2_PLACEMENT_3D('',#351,#352,#353);
#351 = CARTESIAN_POINT('',(-161.,56.000001,-10.));
#352 = DIRECTION('',(0.,-0.,1.));
#353 = DIRECTION('',(0.,1.,0.));
#354 = ORIENTED_EDGE('',*,*,#355,.T.);
#355 = EDGE_CURVE('',#347,#49,#356,.T.);
#356 = LINE('',#357,#358);
#357 = CARTESIAN_POINT('',(-166.,56.,-10.));
#358 = VECTOR('',#359,1.);
#359 = DIRECTION('',(0.,0.,1.));
#360 = ORIENTED_EDGE('',*,*,#48,.F.);
#361 = ORIENTED_EDGE('',*,*,#272,.F.);
#362 = CYLINDRICAL_SURFACE('',#363,5.);
#363 = AXIS2_PLACEMENT_3D('',#364,#365,#366);
#364 = CARTESIAN_POINT('',(-161.,56.,-10.));
#365 = DIRECTION('',(0.,0.,1.));
#366 = DIRECTION('',(0.,1.,0.));
#367 = ADVANCED_FACE('',(#368),#387,.T.);
#368 = FACE_BOUND('',#369,.F.);
#369 = EDGE_LOOP('',(#370,#379,#385,#386));
#370 = ORIENTED_EDGE('',*,*,#371,.T.);
#371 = EDGE_CURVE('',#323,#372,#374,.T.);
#372 = VERTEX_POINT('',#373);
#373 = CARTESIAN_POINT('',(-166.,-61.,-10.55118109802));
#374 = ELLIPSE('',#375,5.030288322037,5.);
#375 = AXIS2_PLACEMENT_3D('',#376,#377,#378);
#376 = CARTESIAN_POINT('',(-161.,-61.,-10.55118109802));
#377 = DIRECTION('',(-0.,-0.109572466375,-0.993978809941));
#378 = DIRECTION('',(0.,-0.993978809941,0.109572466375));
#379 = ORIENTED_EDGE('',*,*,#380,.T.);
#380 = EDGE_CURVE('',#372,#58,#381,.T.);
#381 = LINE('',#382,#383);
#382 = CARTESIAN_POINT('',(-166.,-61.,-10.));
#383 = VECTOR('',#384,1.);
#384 = DIRECTION('',(0.,0.,1.));
#385 = ORIENTED_EDGE('',*,*,#65,.F.);
#386 = ORIENTED_EDGE('',*,*,#332,.F.);
#387 = CYLINDRICAL_SURFACE('',#388,5.);
#388 = AXIS2_PLACEMENT_3D('',#389,#390,#391);
#389 = CARTESIAN_POINT('',(-161.,-61.,-10.));
#390 = DIRECTION('',(0.,0.,1.));
#391 = DIRECTION('',(0.,-1.,0.));
#392 = ADVANCED_FACE('',(#393),#412,.T.);
#393 = FACE_BOUND('',#394,.T.);
#394 = EDGE_LOOP('',(#395,#396,#397,#405,#411));
#395 = ORIENTED_EDGE('',*,*,#57,.T.);
#396 = ORIENTED_EDGE('',*,*,#355,.F.);
#397 = ORIENTED_EDGE('',*,*,#398,.F.);
#398 = EDGE_CURVE('',#399,#347,#401,.T.);
#399 = VERTEX_POINT('',#400);
#400 = CARTESIAN_POINT('',(-166.,56.000001,-23.44881890197));
#401 = LINE('',#402,#403);
#402 = CARTESIAN_POINT('',(-166.,56.000001,-24.));
#403 = VECTOR('',#404,1.);
#404 = DIRECTION('',(0.,0.,1.));
#405 = ORIENTED_EDGE('',*,*,#406,.T.);
#406 = EDGE_CURVE('',#399,#372,#407,.T.);
#407 = LINE('',#408,#409);
#408 = CARTESIAN_POINT('',(-166.,61.000001,-24.));
#409 = VECTOR('',#410,1.);
#410 = DIRECTION('',(0.,-0.993978809941,0.109572466375));
#411 = ORIENTED_EDGE('',*,*,#380,.T.);
#412 = PLANE('',#413);
#413 = AXIS2_PLACEMENT_3D('',#414,#415,#416);
#414 = CARTESIAN_POINT('',(-166.,0.342350603374,-2.692330893421));
#415 = DIRECTION('',(-1.,-0.,-0.));
#416 = DIRECTION('',(0.,0.,-1.));
#417 = ADVANCED_FACE('',(#418),#437,.F.);
#418 = FACE_BOUND('',#419,.F.);
#419 = EDGE_LOOP('',(#420,#428,#435,#436));
#420 = ORIENTED_EDGE('',*,*,#421,.T.);
#421 = EDGE_CURVE('',#92,#422,#424,.T.);
#422 = VERTEX_POINT('',#423);
#423 = CARTESIAN_POINT('',(-159.,-61.,6.5));
#424 = LINE('',#425,#426);
#425 = CARTESIAN_POINT('',(-159.,-61.,12.));
#426 = VECTOR('',#427,1.);
#427 = DIRECTION('',(-0.,-0.,-1.));
#428 = ORIENTED_EDGE('',*,*,#429,.T.);
#429 = EDGE_CURVE('',#422,#422,#430,.T.);
#430 = CIRCLE('',#431,2.);
#431 = AXIS2_PLACEMENT_3D('',#432,#433,#434);
#432 = CARTESIAN_POINT('',(-161.,-61.,6.5));
#433 = DIRECTION('',(0.,0.,1.));
#434 = DIRECTION('',(1.,0.,0.));
#435 = ORIENTED_EDGE('',*,*,#421,.F.);
#436 = ORIENTED_EDGE('',*,*,#91,.F.);
#437 = CYLINDRICAL_SURFACE('',#438,2.);
#438 = AXIS2_PLACEMENT_3D('',#439,#440,#441);
#439 = CARTESIAN_POINT('',(-161.,-61.,12.));
#440 = DIRECTION('',(0.,0.,1.));
#441 = DIRECTION('',(1.,0.,0.));
#442 = ADVANCED_FACE('',(#443),#524,.F.);
#443 = FACE_BOUND('',#444,.F.);
#444 = EDGE_LOOP('',(#445,#455,#480,#488,#494,#495,#503));
#445 = ORIENTED_EDGE('',*,*,#446,.T.);
#446 = EDGE_CURVE('',#447,#449,#451,.T.);
#447 = VERTEX_POINT('',#448);
#448 = CARTESIAN_POINT('',(-156.000002,39.460221212318,0.));
#449 = VERTEX_POINT('',#450);
#450 = CARTESIAN_POINT('',(-156.,-42.94319975388,0.));
#451 = LINE('',#452,#453);
#452 = CARTESIAN_POINT('',(-156.,51.,0.));
#453 = VECTOR('',#454,1.);
#454 = DIRECTION('',(0.,-1.,0.));
#455 = ORIENTED_EDGE('',*,*,#456,.T.);
#456 = EDGE_CURVE('',#449,#457,#459,.T.);
#457 = VERTEX_POINT('',#458);
#458 = CARTESIAN_POINT('',(-156.000002,-55.79444270027,0.));
#459 = ( BOUNDED_CURVE() B_SPLINE_CURVE(10,(#460,#461,#462,#463,#464,
    #465,#466,#467,#468,#469,#470,#471,#472,#473,#474,#475,#476,#477,
#478,#479),.UNSPECIFIED.,.F.,.F.) B_SPLINE_CURVE_WITH_KNOTS((11,9,11),(
2.906445259533,4.049915054337,5.193384849141),.UNSPECIFIED.) CURVE() 
GEOMETRIC_REPRESENTATION_ITEM() RATIONAL_B_SPLINE_CURVE((1.,1.,1.,1.,1.,
1.,1.,1.,1.,1.,1.,1.,1.,1.,1.,1.,1.,1.,1.,1.)) REPRESENTATION_ITEM('') 
  );
#460 = CARTESIAN_POINT('',(-156.000002,-42.94319729972,0.));
#461 = CARTESIAN_POINT('',(-156.000002,-44.1070563479,4.751754545396E-14
    ));
#462 = CARTESIAN_POINT('',(-156.000002,-44.98945930833,
    -1.820765760385E-13));
#463 = CARTESIAN_POINT('',(-156.000002,-45.73037126841,
    4.041211809636E-13));
#464 = CARTESIAN_POINT('',(-156.000002,-46.36881207021,
    -6.163958232719E-13));
#465 = CARTESIAN_POINT('',(-156.0000019999,-46.94401013353,
    6.772360450213E-13));
#466 = CARTESIAN_POINT('',(-156.000002,-47.46994563536,
    -5.413447468072E-13));
#467 = CARTESIAN_POINT('',(-156.000002,-47.96532960282,
    3.201883203019E-13));
#468 = CARTESIAN_POINT('',(-156.000002,-48.43983214731,
    -1.345590305846E-13));
#469 = CARTESIAN_POINT('',(-156.000002,-48.90433591109,
    3.153033389935E-14));
#470 = CARTESIAN_POINT('',(-156.000002,-49.8333040889,
    -3.241851231905E-14));
#471 = CARTESIAN_POINT('',(-156.000002,-50.29780785268,
    1.292299600664E-13));
#472 = CARTESIAN_POINT('',(-156.000002,-50.77231039718,
    -2.939870569207E-13));
#473 = CARTESIAN_POINT('',(-156.000002,-51.26769436463,
    4.809486142676E-13));
#474 = CARTESIAN_POINT('',(-156.000002,-51.79362986646,
    -6.07069949865E-13));
#475 = CARTESIAN_POINT('',(-156.000002,-52.36882792978,
    5.999645225074E-13));
#476 = CARTESIAN_POINT('',(-156.000002,-53.00726873159,
    -4.387601393319E-13));
#477 = CARTESIAN_POINT('',(-156.000002,-53.74818069166,2.16271445197E-13
    ));
#478 = CARTESIAN_POINT('',(-156.000002,-54.63058365209,
    -5.995204332976E-14));
#479 = CARTESIAN_POINT('',(-156.000002,-55.79444270027,0.));
#480 = ORIENTED_EDGE('',*,*,#481,.T.);
#481 = EDGE_CURVE('',#457,#482,#484,.T.);
#482 = VERTEX_POINT('',#483);
#483 = CARTESIAN_POINT('',(-156.,-56.,0.));
#484 = LINE('',#485,#486);
#485 = CARTESIAN_POINT('',(-156.,51.,0.));
#486 = VECTOR('',#487,1.);
#487 = DIRECTION('',(0.,-1.,0.));
#488 = ORIENTED_EDGE('',*,*,#489,.T.);
#489 = EDGE_CURVE('',#482,#103,#490,.T.);
#490 = LINE('',#491,#492);
#491 = CARTESIAN_POINT('',(-156.000002,-56.000001,-10.));
#492 = VECTOR('',#493,1.);
#493 = DIRECTION('',(0.,0.,1.));
#494 = ORIENTED_EDGE('',*,*,#102,.T.);
#495 = ORIENTED_EDGE('',*,*,#496,.F.);
#496 = EDGE_CURVE('',#497,#105,#499,.T.);
#497 = VERTEX_POINT('',#498);
#498 = CARTESIAN_POINT('',(-156.,51.,0.));
#499 = LINE('',#500,#501);
#500 = CARTESIAN_POINT('',(-156.000002,51.,-10.));
#501 = VECTOR('',#502,1.);
#502 = DIRECTION('',(0.,0.,1.));
#503 = ORIENTED_EDGE('',*,*,#504,.T.);
#504 = EDGE_CURVE('',#497,#447,#505,.T.);
#505 = ( BOUNDED_CURVE() B_SPLINE_CURVE(9,(#506,#507,#508,#509,#510,#511
    ,#512,#513,#514,#515,#516,#517,#518,#519,#520,#521,#522,#523),
.UNSPECIFIED.,.F.,.F.) B_SPLINE_CURVE_WITH_KNOTS((10,8,10),(
2.978181494688,4.024877972994,5.071574451299),.UNSPECIFIED.) CURVE() 
GEOMETRIC_REPRESENTATION_ITEM() RATIONAL_B_SPLINE_CURVE((1.,1.,1.,1.,1.,
1.,1.,1.,1.,1.,1.,1.,1.,1.,1.,1.,1.,1.)) REPRESENTATION_ITEM('') );
#506 = CARTESIAN_POINT('',(-156.000002,51.,0.));
#507 = CARTESIAN_POINT('',(-156.000002,50.048934723603,
    -7.105427357601E-15));
#508 = CARTESIAN_POINT('',(-156.000002,49.292154784155,
    3.508304757815E-14));
#509 = CARTESIAN_POINT('',(-156.000002,48.638974365908,
    -6.883382752676E-14));
#510 = CARTESIAN_POINT('',(-156.000002,48.057281975222,
    9.148237722911E-14));
#511 = CARTESIAN_POINT('',(-156.000002,47.523101474002,
    -9.192646643896E-14));
#512 = CARTESIAN_POINT('',(-156.000002,47.018652100739,
    6.661338147751E-14));
#513 = CARTESIAN_POINT('',(-156.000002,46.533114400362,
    -2.886579864025E-14));
#514 = CARTESIAN_POINT('',(-156.000002,46.053833071901,
    6.217248937901E-15));
#515 = CARTESIAN_POINT('',(-156.000002,45.084590589391,
    -9.325873406851E-15));
#516 = CARTESIAN_POINT('',(-156.000002,44.594612414207,
    3.774758283726E-14));
#517 = CARTESIAN_POINT('',(-156.000002,44.086785456073,
    -7.904787935331E-14));
#518 = CARTESIAN_POINT('',(-156.000002,43.550054133578,1.1857181903E-13)
  );
#519 = CARTESIAN_POINT('',(-156.000002,42.964365425925,
    -1.429967255717E-13));
#520 = CARTESIAN_POINT('',(-156.000002,42.316372178003,
    1.239008895482E-13));
#521 = CARTESIAN_POINT('',(-156.000002,41.56163065491,
    -7.061018436616E-14));
#522 = CARTESIAN_POINT('',(-156.000002,40.663208090177,
    2.264854970235E-14));
#523 = CARTESIAN_POINT('',(-156.000002,39.460221212318,0.));
#524 = PLANE('',#525);
#525 = AXIS2_PLACEMENT_3D('',#526,#527,#528);
#526 = CARTESIAN_POINT('',(-156.000002,-56.000001,-10.));
#527 = DIRECTION('',(-1.,0.,0.));
#528 = DIRECTION('',(0.,1.,0.));
#529 = ADVANCED_FACE('',(#530),#596,.F.);
#530 = FACE_BOUND('',#531,.F.);
#531 = EDGE_LOOP('',(#532,#540,#556,#564,#580,#588,#594,#595));
#532 = ORIENTED_EDGE('',*,*,#533,.T.);
#533 = EDGE_CURVE('',#482,#534,#536,.T.);
#534 = VERTEX_POINT('',#535);
#535 = CARTESIAN_POINT('',(-155.7371289958,-56.,0.));
#536 = LINE('',#537,#538);
#537 = CARTESIAN_POINT('',(-156.,-56.,0.));
#538 = VECTOR('',#539,1.);
#539 = DIRECTION('',(1.,0.,0.));
#540 = ORIENTED_EDGE('',*,*,#541,.T.);
#541 = EDGE_CURVE('',#534,#542,#544,.T.);
#542 = VERTEX_POINT('',#543);
#543 = CARTESIAN_POINT('',(-145.7898482541,-56.000001,0.));
#544 = ( BOUNDED_CURVE() B_SPLINE_CURVE(10,(#545,#546,#547,#548,#549,
    #550,#551,#552,#553,#554,#555),.UNSPECIFIED.,.F.,.F.) 
B_SPLINE_CURVE_WITH_KNOTS((11,11),(5.2452855585,6.904459604511),
.PIECEWISE_BEZIER_KNOTS.) CURVE() GEOMETRIC_REPRESENTATION_ITEM() 
RATIONAL_B_SPLINE_CURVE((1.,1.,1.,1.,1.,1.,1.,1.,1.,1.,1.)) 
REPRESENTATION_ITEM('') );
#545 = CARTESIAN_POINT('',(-155.7371297458,-56.000001,0.));
#546 = CARTESIAN_POINT('',(-154.4035400232,-56.000001,3.863576125696E-14
    ));
#547 = CARTESIAN_POINT('',(-153.3559438815,-56.000001,
    -1.616484723854E-13));
#548 = CARTESIAN_POINT('',(-152.4302120641,-56.000001,3.730349362741E-13
    ));
#549 = CARTESIAN_POINT('',(-151.5824220776,-56.000001,
    -5.875300246316E-13));
#550 = CARTESIAN_POINT('',(-150.763489,-56.000001,6.759037773918E-13));
#551 = CARTESIAN_POINT('',(-149.9445559222,-56.000001,
    -5.786482404346E-13));
#552 = CARTESIAN_POINT('',(-149.0967659358,-56.000001,3.623767952377E-13
    ));
#553 = CARTESIAN_POINT('',(-148.1710341184,-56.000001,
    -1.585398479165E-13));
#554 = CARTESIAN_POINT('',(-147.1234379767,-56.000001,3.907985046681E-14
    ));
#555 = CARTESIAN_POINT('',(-145.7898482541,-56.000001,0.));
#556 = ORIENTED_EDGE('',*,*,#557,.T.);
#557 = EDGE_CURVE('',#542,#558,#560,.T.);
#558 = VERTEX_POINT('',#559);
#559 = CARTESIAN_POINT('',(201.48930591167,-56.,0.));
#560 = LINE('',#561,#562);
#561 = CARTESIAN_POINT('',(-156.,-56.,0.));
#562 = VECTOR('',#563,1.);
#563 = DIRECTION('',(1.,0.,0.));
#564 = ORIENTED_EDGE('',*,*,#565,.T.);
#565 = EDGE_CURVE('',#558,#566,#568,.T.);
#566 = VERTEX_POINT('',#567);
#567 = CARTESIAN_POINT('',(211.3007648291,-56.000001,0.));
#568 = ( BOUNDED_CURVE() B_SPLINE_CURVE(10,(#569,#570,#571,#572,#573,
    #574,#575,#576,#577,#578,#579),.UNSPECIFIED.,.F.,.F.) 
B_SPLINE_CURVE_WITH_KNOTS((11,11),(5.059017825882,6.642145605308),
.PIECEWISE_BEZIER_KNOTS.) CURVE() GEOMETRIC_REPRESENTATION_ITEM() 
RATIONAL_B_SPLINE_CURVE((1.,1.,1.,1.,1.,1.,1.,1.,1.,1.,1.)) 
REPRESENTATION_ITEM('') );
#569 = CARTESIAN_POINT('',(201.48930517089,-56.000001,0.));
#570 = CARTESIAN_POINT('',(202.79714815831,-56.000001,3.552713678801E-15
    ));
#571 = CARTESIAN_POINT('',(203.83054097451,-56.000001,-2.22044604925E-15
    ));
#572 = CARTESIAN_POINT('',(204.74509011828,-56.000001,-1.24344978758E-14
    ));
#573 = CARTESIAN_POINT('',(205.58424303976,-56.000001,4.884981308351E-14
    ));
#574 = CARTESIAN_POINT('',(206.395035,-56.000001,-9.769962616701E-14));
#575 = CARTESIAN_POINT('',(207.20582696022,-56.000001,1.221245327088E-13
    ));
#576 = CARTESIAN_POINT('',(208.04497988172,-56.000001,
    -9.681144774731E-14));
#577 = CARTESIAN_POINT('',(208.95952902548,-56.000001,4.352074256531E-14
    ));
#578 = CARTESIAN_POINT('',(209.99292184168,-56.000001,
    -1.021405182655E-14));
#579 = CARTESIAN_POINT('',(211.3007648291,-56.000001,0.));
#580 = ORIENTED_EDGE('',*,*,#581,.T.);
#581 = EDGE_CURVE('',#566,#582,#584,.T.);
#582 = VERTEX_POINT('',#583);
#583 = CARTESIAN_POINT('',(212.,-56.,0.));
#584 = LINE('',#585,#586);
#585 = CARTESIAN_POINT('',(-156.,-56.,0.));
#586 = VECTOR('',#587,1.);
#587 = DIRECTION('',(1.,0.,0.));
#588 = ORIENTED_EDGE('',*,*,#589,.T.);
#589 = EDGE_CURVE('',#582,#121,#590,.T.);
#590 = LINE('',#591,#592);
#591 = CARTESIAN_POINT('',(212.,-56.000001,-10.));
#592 = VECTOR('',#593,1.);
#593 = DIRECTION('',(0.,0.,1.));
#594 = ORIENTED_EDGE('',*,*,#128,.T.);
#595 = ORIENTED_EDGE('',*,*,#489,.F.);
#596 = PLANE('',#597);
#597 = AXIS2_PLACEMENT_3D('',#598,#599,#600);
#598 = CARTESIAN_POINT('',(212.,-56.000001,-10.));
#599 = DIRECTION('',(-0.,-1.,-0.));
#600 = DIRECTION('',(-1.,0.,0.));
#601 = ADVANCED_FACE('',(#602),#702,.F.);
#602 = FACE_BOUND('',#603,.F.);
#603 = EDGE_LOOP('',(#604,#631,#639,#647,#655,#663,#671,#694,#695,#696)
  );
#604 = ORIENTED_EDGE('',*,*,#605,.T.);
#605 = EDGE_CURVE('',#606,#608,#610,.T.);
#606 = VERTEX_POINT('',#607);
#607 = CARTESIAN_POINT('',(212.,51.,0.));
#608 = VERTEX_POINT('',#609);
#609 = CARTESIAN_POINT('',(199.90858258611,51.,0.));
#610 = ( BOUNDED_CURVE() B_SPLINE_CURVE(10,(#611,#612,#613,#614,#615,
    #616,#617,#618,#619,#620,#621,#622,#623,#624,#625,#626,#627,#628,
#629,#630),.UNSPECIFIED.,.F.,.F.) B_SPLINE_CURVE_WITH_KNOTS((11,9,11),(
8.953730338737,10.057869896702,11.162009454666),.UNSPECIFIED.) CURVE() 
GEOMETRIC_REPRESENTATION_ITEM() RATIONAL_B_SPLINE_CURVE((1.,1.,1.,1.,1.,
1.,1.,1.,1.,1.,1.,1.,1.,1.,1.,1.,1.,1.,1.,1.)) REPRESENTATION_ITEM('') 
  );
#611 = CARTESIAN_POINT('',(212.,51.,0.));
#612 = CARTESIAN_POINT('',(211.02723785111,51.,-1.731947918415E-14));
#613 = CARTESIAN_POINT('',(210.25890093817,51.,6.838973831691E-14));
#614 = CARTESIAN_POINT('',(209.60261589739,51.,-1.740829702612E-13));
#615 = CARTESIAN_POINT('',(209.02493240876,51.,3.206324095117E-13));
#616 = CARTESIAN_POINT('',(208.50042327666,51.,-4.392042285417E-13));
#617 = CARTESIAN_POINT('',(208.01252271198,51.,4.343192472334E-13));
#618 = CARTESIAN_POINT('',(207.5504758632,51.,-3.01980662698E-13));
#619 = CARTESIAN_POINT('',(207.10299757205,51.,1.403321903126E-13));
#620 = CARTESIAN_POINT('',(206.66184469733,51.,-3.819167204711E-14));
#621 = CARTESIAN_POINT('',(205.77314361761,51.,4.396483177516E-14));
#622 = CARTESIAN_POINT('',(205.32560681662,51.,-1.900701818158E-13));
#623 = CARTESIAN_POINT('',(204.86575570197,51.,4.41424674591E-13));
#624 = CARTESIAN_POINT('',(204.38321671222,51.,-6.981082378843E-13));
#625 = CARTESIAN_POINT('',(203.86867694243,50.999999999999,
    7.895906151134E-13));
#626 = CARTESIAN_POINT('',(203.30365559839,51.,-6.470379787515E-13));
#627 = CARTESIAN_POINT('',(202.67434850506,51.,3.756994715332E-13));
#628 = CARTESIAN_POINT('',(201.94159571613,51.,-1.483257960899E-13));
#629 = CARTESIAN_POINT('',(201.06640884305,51.,3.37507799486E-14));
#630 = CARTESIAN_POINT('',(199.90858258611,51.,0.));
#631 = ORIENTED_EDGE('',*,*,#632,.T.);
#632 = EDGE_CURVE('',#608,#633,#635,.T.);
#633 = VERTEX_POINT('',#634);
#634 = CARTESIAN_POINT('',(195.135544,51.,0.));
#635 = LINE('',#636,#637);
#636 = CARTESIAN_POINT('',(212.,51.,0.));
#637 = VECTOR('',#638,1.);
#638 = DIRECTION('',(-1.,0.,0.));
#639 = ORIENTED_EDGE('',*,*,#640,.F.);
#640 = EDGE_CURVE('',#641,#633,#643,.T.);
#641 = VERTEX_POINT('',#642);
#642 = CARTESIAN_POINT('',(195.135544,51.,2.130837));
#643 = LINE('',#644,#645);
#644 = CARTESIAN_POINT('',(195.135544,51.,-3.9345815));
#645 = VECTOR('',#646,1.);
#646 = DIRECTION('',(0.,0.,-1.));
#647 = ORIENTED_EDGE('',*,*,#648,.F.);
#648 = EDGE_CURVE('',#649,#641,#651,.T.);
#649 = VERTEX_POINT('',#650);
#650 = CARTESIAN_POINT('',(183.842834,51.,2.130837));
#651 = LINE('',#652,#653);
#652 = CARTESIAN_POINT('',(13.921416,51.,2.130837));
#653 = VECTOR('',#654,1.);
#654 = DIRECTION('',(1.,0.,0.));
#655 = ORIENTED_EDGE('',*,*,#656,.F.);
#656 = EDGE_CURVE('',#657,#649,#659,.T.);
#657 = VERTEX_POINT('',#658);
#658 = CARTESIAN_POINT('',(183.842834,51.,0.));
#659 = LINE('',#660,#661);
#660 = CARTESIAN_POINT('',(183.842834,51.,-6.4200595));
#661 = VECTOR('',#662,1.);
#662 = DIRECTION('',(0.,0.,1.));
#663 = ORIENTED_EDGE('',*,*,#664,.T.);
#664 = EDGE_CURVE('',#657,#665,#667,.T.);
#665 = VERTEX_POINT('',#666);
#666 = CARTESIAN_POINT('',(-144.3086978912,51.,0.));
#667 = LINE('',#668,#669);
#668 = CARTESIAN_POINT('',(212.,51.,0.));
#669 = VECTOR('',#670,1.);
#670 = DIRECTION('',(-1.,0.,0.));
#671 = ORIENTED_EDGE('',*,*,#672,.T.);
#672 = EDGE_CURVE('',#665,#497,#673,.T.);
#673 = ( BOUNDED_CURVE() B_SPLINE_CURVE(10,(#674,#675,#676,#677,#678,
    #679,#680,#681,#682,#683,#684,#685,#686,#687,#688,#689,#690,#691,
#692,#693),.UNSPECIFIED.,.F.,.F.) B_SPLINE_CURVE_WITH_KNOTS((11,9,11),(
0.848024802517,1.913103028277,2.978181254037),.UNSPECIFIED.) CURVE() 
GEOMETRIC_REPRESENTATION_ITEM() RATIONAL_B_SPLINE_CURVE((1.,1.,1.,1.,1.,
    1.,1.,1.,1.,1.,1.,1.,1.,1.000000000001,0.999999999999,1.,1.,1.,1.,1.
)) REPRESENTATION_ITEM('') );
#674 = CARTESIAN_POINT('',(-144.3086978912,51.,0.));
#675 = CARTESIAN_POINT('',(-145.4283260469,51.,-7.105427357601E-15));
#676 = CARTESIAN_POINT('',(-146.2845695077,51.,2.84217094304E-14));
#677 = CARTESIAN_POINT('',(-147.0038448292,51.,-7.505107646466E-14));
#678 = CARTESIAN_POINT('',(-147.6242423119,51.,1.42108547152E-13));
#679 = CARTESIAN_POINT('',(-148.1815733767,51.,-2.016165012719E-13));
#680 = CARTESIAN_POINT('',(-148.6899818604,51.,2.002842336424E-13));
#681 = CARTESIAN_POINT('',(-149.1664877078,51.,-1.398881011028E-13));
#682 = CARTESIAN_POINT('',(-149.6203294823,51.,6.439293542826E-14));
#683 = CARTESIAN_POINT('',(-150.0612668294,51.,-1.909583602355E-14));
#684 = CARTESIAN_POINT('',(-150.9345470316,51.,2.04281036531E-14));
#685 = CARTESIAN_POINT('',(-151.3668866815,51.,-7.949196856316E-14));
#686 = CARTESIAN_POINT('',(-151.8038032255,51.,1.856292897173E-13));
#687 = CARTESIAN_POINT('',(-152.2531680206,51.,-3.037570195374E-13));
#688 = CARTESIAN_POINT('',(-152.7248579022,51.,3.623767952377E-13));
#689 = CARTESIAN_POINT('',(-153.2288827385,51.,-3.157474282034E-13));
#690 = CARTESIAN_POINT('',(-153.7796998102,51.,1.989519660128E-13));
#691 = CARTESIAN_POINT('',(-154.398665016,51.,-8.304468224196E-14));
#692 = CARTESIAN_POINT('',(-155.1148366775,51.,1.998401444325E-14));
#693 = CARTESIAN_POINT('',(-156.,51.,0.));
#694 = ORIENTED_EDGE('',*,*,#496,.T.);
#695 = ORIENTED_EDGE('',*,*,#112,.T.);
#696 = ORIENTED_EDGE('',*,*,#697,.F.);
#697 = EDGE_CURVE('',#606,#113,#698,.T.);
#698 = LINE('',#699,#700);
#699 = CARTESIAN_POINT('',(212.,51.,-10.));
#700 = VECTOR('',#701,1.);
#701 = DIRECTION('',(0.,0.,1.));
#702 = PLANE('',#703);
#703 = AXIS2_PLACEMENT_3D('',#704,#705,#706);
#704 = CARTESIAN_POINT('',(-156.000002,51.,-10.));
#705 = DIRECTION('',(0.,1.,0.));
#706 = DIRECTION('',(1.,0.,0.));
#707 = ADVANCED_FACE('',(#708),#792,.F.);
#708 = FACE_BOUND('',#709,.F.);
#709 = EDGE_LOOP('',(#710,#718,#733,#748,#756,#771,#783,#789,#790,#791)
  );
#710 = ORIENTED_EDGE('',*,*,#711,.T.);
#711 = EDGE_CURVE('',#582,#712,#714,.T.);
#712 = VERTEX_POINT('',#713);
#713 = CARTESIAN_POINT('',(212.,-55.41968324506,0.));
#714 = LINE('',#715,#716);
#715 = CARTESIAN_POINT('',(212.,-56.,0.));
#716 = VECTOR('',#717,1.);
#717 = DIRECTION('',(0.,1.,0.));
#718 = ORIENTED_EDGE('',*,*,#719,.T.);
#719 = EDGE_CURVE('',#712,#720,#722,.T.);
#720 = VERTEX_POINT('',#721);
#721 = CARTESIAN_POINT('',(212.,-49.37756299993,0.));
#722 = ( BOUNDED_CURVE() B_SPLINE_CURVE(9,(#723,#724,#725,#726,#727,#728
    ,#729,#730,#731,#732),.UNSPECIFIED.,.F.,.F.) 
B_SPLINE_CURVE_WITH_KNOTS((10,10),(6.779101557709,7.800775620793),
.PIECEWISE_BEZIER_KNOTS.) CURVE() GEOMETRIC_REPRESENTATION_ITEM() 
RATIONAL_B_SPLINE_CURVE((1.,1.,1.,1.,1.,1.,1.,1.,1.,1.)) 
REPRESENTATION_ITEM('') );
#723 = CARTESIAN_POINT('',(212.,-55.41968324506,0.));
#724 = CARTESIAN_POINT('',(212.,-54.31164463678,8.437694987151E-15));
#725 = CARTESIAN_POINT('',(212.,-53.44929117491,-3.863576125696E-14));
#726 = CARTESIAN_POINT('',(212.,-52.71285278006,8.126832540256E-14));
#727 = CARTESIAN_POINT('',(212.,-52.06688730089,-1.083577672034E-13));
#728 = CARTESIAN_POINT('',(212.,-51.47670759591,9.725553695716E-14));
#729 = CARTESIAN_POINT('',(212.,-50.92757413643,-6.439293542826E-14));
#730 = CARTESIAN_POINT('',(212.,-50.40251321065,3.508304757815E-14));
#731 = CARTESIAN_POINT('',(212.,-49.89005226467,-1.287858708565E-14));
#732 = CARTESIAN_POINT('',(212.,-49.37756299993,0.));
#733 = ORIENTED_EDGE('',*,*,#734,.T.);
#734 = EDGE_CURVE('',#720,#735,#737,.T.);
#735 = VERTEX_POINT('',#736);
#736 = CARTESIAN_POINT('',(212.,-43.33544275493,0.));
#737 = ( BOUNDED_CURVE() B_SPLINE_CURVE(9,(#738,#739,#740,#741,#742,#743
    ,#744,#745,#746,#747),.UNSPECIFIED.,.F.,.F.) 
B_SPLINE_CURVE_WITH_KNOTS((10,10),(7.800775620793,8.8224496839),
.PIECEWISE_BEZIER_KNOTS.) CURVE() GEOMETRIC_REPRESENTATION_ITEM() 
RATIONAL_B_SPLINE_CURVE((1.,1.,1.,1.,1.,1.,1.,1.,1.,1.)) 
REPRESENTATION_ITEM('') );
#738 = CARTESIAN_POINT('',(212.,-49.37756299993,0.));
#739 = CARTESIAN_POINT('',(212.,-48.86507373519,-2.975397705995E-14));
#740 = CARTESIAN_POINT('',(212.,-48.35261278984,1.079136779936E-13));
#741 = CARTESIAN_POINT('',(212.,-47.82755186319,-2.153832667773E-13));
#742 = CARTESIAN_POINT('',(212.,-47.2784184038,2.913225216616E-13));
#743 = CARTESIAN_POINT('',(212.,-46.6882387001,-2.708944180085E-13));
#744 = CARTESIAN_POINT('',(212.,-46.0422732183,1.785238623597E-13));
#745 = CARTESIAN_POINT('',(212.,-45.30583482635,-7.682743330406E-14));
#746 = CARTESIAN_POINT('',(212.,-44.44348136234,1.731947918415E-14));
#747 = CARTESIAN_POINT('',(212.,-43.33544275493,0.));
#748 = ORIENTED_EDGE('',*,*,#749,.T.);
#749 = EDGE_CURVE('',#735,#750,#752,.T.);
#750 = VERTEX_POINT('',#751);
#751 = CARTESIAN_POINT('',(212.,39.779390984198,0.));
#752 = LINE('',#753,#754);
#753 = CARTESIAN_POINT('',(212.,-56.,0.));
#754 = VECTOR('',#755,1.);
#755 = DIRECTION('',(0.,1.,0.));
#756 = ORIENTED_EDGE('',*,*,#757,.T.);
#757 = EDGE_CURVE('',#750,#758,#760,.T.);
#758 = VERTEX_POINT('',#759);
#759 = CARTESIAN_POINT('',(212.,45.877552000032,0.));
#760 = ( BOUNDED_CURVE() B_SPLINE_CURVE(9,(#761,#762,#763,#764,#765,#766
    ,#767,#768,#769,#770),.UNSPECIFIED.,.F.,.F.) 
B_SPLINE_CURVE_WITH_KNOTS((10,10),(6.952460138059,8.008626952315),
.PIECEWISE_BEZIER_KNOTS.) CURVE() GEOMETRIC_REPRESENTATION_ITEM() 
RATIONAL_B_SPLINE_CURVE((1.,1.,1.,1.,1.,1.,1.,1.,1.,1.)) 
REPRESENTATION_ITEM('') );
#761 = CARTESIAN_POINT('',(212.,39.77939098425,0.));
#762 = CARTESIAN_POINT('',(212.,40.906440978155,-1.7763568394E-15));
#763 = CARTESIAN_POINT('',(212.,41.778996060919,8.881784197001E-16));
#764 = CARTESIAN_POINT('',(212.,42.522739468058,3.10862446895E-15));
#765 = CARTESIAN_POINT('',(212.,43.173651412533,-1.287858708565E-14));
#766 = CARTESIAN_POINT('',(212.,43.767799892018,2.353672812205E-14));
#767 = CARTESIAN_POINT('',(212.,44.320059104259,-2.30926389122E-14));
#768 = CARTESIAN_POINT('',(212.,44.847728515352,1.33226762955E-14));
#769 = CARTESIAN_POINT('',(212.,45.362642499185,-4.440892098501E-15));
#770 = CARTESIAN_POINT('',(212.,45.877552000032,0.));
#771 = ORIENTED_EDGE('',*,*,#772,.T.);
#772 = EDGE_CURVE('',#758,#606,#773,.T.);
#773 = ( BOUNDED_CURVE() B_SPLINE_CURVE(8,(#774,#775,#776,#777,#778,#779
,#780,#781,#782),.UNSPECIFIED.,.F.,.F.) B_SPLINE_CURVE_WITH_KNOTS((9,9),
(8.008626952315,8.953730338737),.PIECEWISE_BEZIER_KNOTS.) CURVE() 
GEOMETRIC_REPRESENTATION_ITEM() RATIONAL_B_SPLINE_CURVE((1.,1.,1.,1.,1.,
1.,1.,1.,1.)) REPRESENTATION_ITEM('') );
#774 = CARTESIAN_POINT('',(212.,45.877552000032,0.));
#775 = CARTESIAN_POINT('',(212.,46.39591050617,4.440892098501E-15));
#776 = CARTESIAN_POINT('',(212.,46.914341952648,-1.110223024625E-14));
#777 = CARTESIAN_POINT('',(212.,47.446138667409,1.465494392505E-14));
#778 = CARTESIAN_POINT('',(212.,48.005844365491,-1.06581410364E-14));
#779 = CARTESIAN_POINT('',(212.,48.607660486804,4.440892098501E-16));
#780 = CARTESIAN_POINT('',(212.,49.278394882898,3.10862446895E-15));
#781 = CARTESIAN_POINT('',(212.,50.046750960216,-8.881784197001E-16));
#782 = CARTESIAN_POINT('',(212.,51.,0.));
#783 = ORIENTED_EDGE('',*,*,#784,.T.);
#784 = EDGE_CURVE('',#758,#606,#785,.T.);
#785 = LINE('',#786,#787);
#786 = CARTESIAN_POINT('',(212.,-56.,0.));
#787 = VECTOR('',#788,1.);
#788 = DIRECTION('',(0.,1.,0.));
#789 = ORIENTED_EDGE('',*,*,#697,.T.);
#790 = ORIENTED_EDGE('',*,*,#120,.T.);
#791 = ORIENTED_EDGE('',*,*,#589,.F.);
#792 = PLANE('',#793);
#793 = AXIS2_PLACEMENT_3D('',#794,#795,#796);
#794 = CARTESIAN_POINT('',(212.,51.,-10.));
#795 = DIRECTION('',(1.,0.,0.));
#796 = DIRECTION('',(0.,-1.,0.));
#797 = ADVANCED_FACE('',(#798),#817,.F.);
#798 = FACE_BOUND('',#799,.F.);
#799 = EDGE_LOOP('',(#800,#808,#815,#816));
#800 = ORIENTED_EDGE('',*,*,#801,.T.);
#801 = EDGE_CURVE('',#137,#802,#804,.T.);
#802 = VERTEX_POINT('',#803);
#803 = CARTESIAN_POINT('',(219.,-61.,6.5));
#804 = LINE('',#805,#806);
#805 = CARTESIAN_POINT('',(219.,-61.,12.));
#806 = VECTOR('',#807,1.);
#807 = DIRECTION('',(-0.,-0.,-1.));
#808 = ORIENTED_EDGE('',*,*,#809,.T.);
#809 = EDGE_CURVE('',#802,#802,#810,.T.);
#810 = CIRCLE('',#811,2.);
#811 = AXIS2_PLACEMENT_3D('',#812,#813,#814);
#812 = CARTESIAN_POINT('',(217.,-61.,6.5));
#813 = DIRECTION('',(0.,0.,1.));
#814 = DIRECTION('',(1.,0.,0.));
#815 = ORIENTED_EDGE('',*,*,#801,.F.);
#816 = ORIENTED_EDGE('',*,*,#136,.F.);
#817 = CYLINDRICAL_SURFACE('',#818,2.);
#818 = AXIS2_PLACEMENT_3D('',#819,#820,#821);
#819 = CARTESIAN_POINT('',(217.,-61.,12.));
#820 = DIRECTION('',(0.,0.,1.));
#821 = DIRECTION('',(1.,0.,0.));
#822 = ADVANCED_FACE('',(#823),#842,.F.);
#823 = FACE_BOUND('',#824,.F.);
#824 = EDGE_LOOP('',(#825,#833,#840,#841));
#825 = ORIENTED_EDGE('',*,*,#826,.T.);
#826 = EDGE_CURVE('',#148,#827,#829,.T.);
#827 = VERTEX_POINT('',#828);
#828 = CARTESIAN_POINT('',(-159.,56.,6.5));
#829 = LINE('',#830,#831);
#830 = CARTESIAN_POINT('',(-159.,56.,12.));
#831 = VECTOR('',#832,1.);
#832 = DIRECTION('',(-0.,-0.,-1.));
#833 = ORIENTED_EDGE('',*,*,#834,.T.);
#834 = EDGE_CURVE('',#827,#827,#835,.T.);
#835 = CIRCLE('',#836,2.);
#836 = AXIS2_PLACEMENT_3D('',#837,#838,#839);
#837 = CARTESIAN_POINT('',(-161.,56.,6.5));
#838 = DIRECTION('',(0.,0.,1.));
#839 = DIRECTION('',(1.,0.,0.));
#840 = ORIENTED_EDGE('',*,*,#826,.F.);
#841 = ORIENTED_EDGE('',*,*,#147,.F.);
#842 = CYLINDRICAL_SURFACE('',#843,2.);
#843 = AXIS2_PLACEMENT_3D('',#844,#845,#846);
#844 = CARTESIAN_POINT('',(-161.,56.,12.));
#845 = DIRECTION('',(0.,0.,1.));
#846 = DIRECTION('',(1.,0.,0.));
#847 = ADVANCED_FACE('',(#848),#867,.F.);
#848 = FACE_BOUND('',#849,.F.);
#849 = EDGE_LOOP('',(#850,#858,#865,#866));
#850 = ORIENTED_EDGE('',*,*,#851,.T.);
#851 = EDGE_CURVE('',#159,#852,#854,.T.);
#852 = VERTEX_POINT('',#853);
#853 = CARTESIAN_POINT('',(219.,56.,6.5));
#854 = LINE('',#855,#856);
#855 = CARTESIAN_POINT('',(219.,56.,12.));
#856 = VECTOR('',#857,1.);
#857 = DIRECTION('',(-0.,-0.,-1.));
#858 = ORIENTED_EDGE('',*,*,#859,.T.);
#859 = EDGE_CURVE('',#852,#852,#860,.T.);
#860 = CIRCLE('',#861,2.);
#861 = AXIS2_PLACEMENT_3D('',#862,#863,#864);
#862 = CARTESIAN_POINT('',(217.,56.,6.5));
#863 = DIRECTION('',(0.,0.,1.));
#864 = DIRECTION('',(1.,0.,0.));
#865 = ORIENTED_EDGE('',*,*,#851,.F.);
#866 = ORIENTED_EDGE('',*,*,#158,.F.);
#867 = CYLINDRICAL_SURFACE('',#868,2.);
#868 = AXIS2_PLACEMENT_3D('',#869,#870,#871);
#869 = CARTESIAN_POINT('',(217.,56.,12.));
#870 = DIRECTION('',(0.,0.,1.));
#871 = DIRECTION('',(1.,0.,0.));
#872 = ADVANCED_FACE('',(#873),#892,.T.);
#873 = FACE_BOUND('',#874,.F.);
#874 = EDGE_LOOP('',(#875,#884,#885,#886));
#875 = ORIENTED_EDGE('',*,*,#876,.T.);
#876 = EDGE_CURVE('',#877,#185,#879,.T.);
#877 = VERTEX_POINT('',#878);
#878 = CARTESIAN_POINT('',(217.,61.000001,-24.));
#879 = ELLIPSE('',#880,5.030288322037,5.);
#880 = AXIS2_PLACEMENT_3D('',#881,#882,#883);
#881 = CARTESIAN_POINT('',(217.,56.000001,-23.44881890197));
#882 = DIRECTION('',(-0.,-0.109572466375,-0.993978809941));
#883 = DIRECTION('',(0.,-0.993978809941,0.109572466375));
#884 = ORIENTED_EDGE('',*,*,#192,.T.);
#885 = ORIENTED_EDGE('',*,*,#214,.F.);
#886 = ORIENTED_EDGE('',*,*,#887,.F.);
#887 = EDGE_CURVE('',#877,#215,#888,.T.);
#888 = LINE('',#889,#890);
#889 = CARTESIAN_POINT('',(217.,61.000001,-24.));
#890 = VECTOR('',#891,1.);
#891 = DIRECTION('',(0.,0.,1.));
#892 = CYLINDRICAL_SURFACE('',#893,5.);
#893 = AXIS2_PLACEMENT_3D('',#894,#895,#896);
#894 = CARTESIAN_POINT('',(217.,56.000001,-24.));
#895 = DIRECTION('',(0.,0.,1.));
#896 = DIRECTION('',(0.,1.,0.));
#897 = ADVANCED_FACE('',(#898),#921,.T.);
#898 = FACE_BOUND('',#899,.T.);
#899 = EDGE_LOOP('',(#900,#908,#909,#910,#911,#912,#913,#914));
#900 = ORIENTED_EDGE('',*,*,#901,.T.);
#901 = EDGE_CURVE('',#902,#877,#904,.T.);
#902 = VERTEX_POINT('',#903);
#903 = CARTESIAN_POINT('',(-161.,61.000001,-24.));
#904 = LINE('',#905,#906);
#905 = CARTESIAN_POINT('',(-166.,61.000001,-24.));
#906 = VECTOR('',#907,1.);
#907 = DIRECTION('',(1.,0.,0.));
#908 = ORIENTED_EDGE('',*,*,#876,.T.);
#909 = ORIENTED_EDGE('',*,*,#184,.T.);
#910 = ORIENTED_EDGE('',*,*,#239,.T.);
#911 = ORIENTED_EDGE('',*,*,#322,.T.);
#912 = ORIENTED_EDGE('',*,*,#371,.T.);
#913 = ORIENTED_EDGE('',*,*,#406,.F.);
#914 = ORIENTED_EDGE('',*,*,#915,.F.);
#915 = EDGE_CURVE('',#902,#399,#916,.T.);
#916 = ELLIPSE('',#917,5.030288322037,5.);
#917 = AXIS2_PLACEMENT_3D('',#918,#919,#920);
#918 = CARTESIAN_POINT('',(-161.,56.000001,-23.44881890197));
#919 = DIRECTION('',(-0.,0.109572466375,0.993978809941));
#920 = DIRECTION('',(0.,-0.993978809941,0.109572466375));
#921 = PLANE('',#922);
#922 = AXIS2_PLACEMENT_3D('',#923,#924,#925);
#923 = CARTESIAN_POINT('',(-166.,61.000001,-24.));
#924 = DIRECTION('',(-0.,-0.109572466375,-0.993978809941));
#925 = DIRECTION('',(0.,-0.993978809941,0.109572466375));
#926 = ADVANCED_FACE('',(#927),#938,.F.);
#927 = FACE_BOUND('',#928,.F.);
#928 = EDGE_LOOP('',(#929,#930,#931,#932));
#929 = ORIENTED_EDGE('',*,*,#901,.T.);
#930 = ORIENTED_EDGE('',*,*,#887,.T.);
#931 = ORIENTED_EDGE('',*,*,#264,.F.);
#932 = ORIENTED_EDGE('',*,*,#933,.F.);
#933 = EDGE_CURVE('',#902,#265,#934,.T.);
#934 = LINE('',#935,#936);
#935 = CARTESIAN_POINT('',(-161.,61.000001,-24.));
#936 = VECTOR('',#937,1.);
#937 = DIRECTION('',(0.,0.,1.));
#938 = PLANE('',#939);
#939 = AXIS2_PLACEMENT_3D('',#940,#941,#942);
#940 = CARTESIAN_POINT('',(-166.,61.000001,-24.));
#941 = DIRECTION('',(0.,-1.,0.));
#942 = DIRECTION('',(0.,0.,1.));
#943 = ADVANCED_FACE('',(#944),#976,.F.);
#944 = FACE_BOUND('',#945,.F.);
#945 = EDGE_LOOP('',(#946,#947,#953,#954,#962,#970));
#946 = ORIENTED_EDGE('',*,*,#282,.F.);
#947 = ORIENTED_EDGE('',*,*,#948,.T.);
#948 = EDGE_CURVE('',#283,#641,#949,.T.);
#949 = LINE('',#950,#951);
#950 = CARTESIAN_POINT('',(195.135544,61.,2.130837));
#951 = VECTOR('',#952,1.);
#952 = DIRECTION('',(0.,-1.,2.22044604925E-16));
#953 = ORIENTED_EDGE('',*,*,#640,.T.);
#954 = ORIENTED_EDGE('',*,*,#955,.F.);
#955 = EDGE_CURVE('',#956,#633,#958,.T.);
#956 = VERTEX_POINT('',#957);
#957 = CARTESIAN_POINT('',(195.135544,31.,0.));
#958 = LINE('',#959,#960);
#959 = CARTESIAN_POINT('',(195.135544,29.25,0.));
#960 = VECTOR('',#961,1.);
#961 = DIRECTION('',(0.,1.,0.));
#962 = ORIENTED_EDGE('',*,*,#963,.T.);
#963 = EDGE_CURVE('',#956,#964,#966,.T.);
#964 = VERTEX_POINT('',#965);
#965 = CARTESIAN_POINT('',(195.135544,31.,-2.840119));
#966 = LINE('',#967,#968);
#967 = CARTESIAN_POINT('',(195.135544,31.,2.130837));
#968 = VECTOR('',#969,1.);
#969 = DIRECTION('',(0.,-2.22044604925E-16,-1.));
#970 = ORIENTED_EDGE('',*,*,#971,.F.);
#971 = EDGE_CURVE('',#285,#964,#972,.T.);
#972 = LINE('',#973,#974);
#973 = CARTESIAN_POINT('',(195.135544,61.,-2.840119));
#974 = VECTOR('',#975,1.);
#975 = DIRECTION('',(0.,-1.,2.22044604925E-16));
#976 = PLANE('',#977);
#977 = AXIS2_PLACEMENT_3D('',#978,#979,#980);
#978 = CARTESIAN_POINT('',(195.135544,61.,2.130837));
#979 = DIRECTION('',(1.,0.,0.));
#980 = DIRECTION('',(0.,-2.22044604925E-16,-1.));
#981 = ADVANCED_FACE('',(#982),#1000,.F.);
#982 = FACE_BOUND('',#983,.F.);
#983 = EDGE_LOOP('',(#984,#985,#993,#999));
#984 = ORIENTED_EDGE('',*,*,#971,.T.);
#985 = ORIENTED_EDGE('',*,*,#986,.T.);
#986 = EDGE_CURVE('',#964,#987,#989,.T.);
#987 = VERTEX_POINT('',#988);
#988 = CARTESIAN_POINT('',(183.842834,31.,-2.840119));
#989 = LINE('',#990,#991);
#990 = CARTESIAN_POINT('',(195.135544,31.,-2.840119));
#991 = VECTOR('',#992,1.);
#992 = DIRECTION('',(-1.,0.,0.));
#993 = ORIENTED_EDGE('',*,*,#994,.F.);
#994 = EDGE_CURVE('',#301,#987,#995,.T.);
#995 = LINE('',#996,#997);
#996 = CARTESIAN_POINT('',(183.842834,61.,-2.840119));
#997 = VECTOR('',#998,1.);
#998 = DIRECTION('',(0.,-1.,2.22044604925E-16));
#999 = ORIENTED_EDGE('',*,*,#308,.F.);
#1000 = PLANE('',#1001);
#1001 = AXIS2_PLACEMENT_3D('',#1002,#1003,#1004);
#1002 = CARTESIAN_POINT('',(195.135544,61.,-2.840119));
#1003 = DIRECTION('',(-0.,-2.22044604925E-16,-1.));
#1004 = DIRECTION('',(-1.,0.,0.));
#1005 = ADVANCED_FACE('',(#1006),#1031,.F.);
#1006 = FACE_BOUND('',#1007,.F.);
#1007 = EDGE_LOOP('',(#1008,#1009,#1010,#1018,#1024,#1025));
#1008 = ORIENTED_EDGE('',*,*,#300,.F.);
#1009 = ORIENTED_EDGE('',*,*,#994,.T.);
#1010 = ORIENTED_EDGE('',*,*,#1011,.T.);
#1011 = EDGE_CURVE('',#987,#1012,#1014,.T.);
#1012 = VERTEX_POINT('',#1013);
#1013 = CARTESIAN_POINT('',(183.842834,31.,0.));
#1014 = LINE('',#1015,#1016);
#1015 = CARTESIAN_POINT('',(183.842834,31.,-2.840119));
#1016 = VECTOR('',#1017,1.);
#1017 = DIRECTION('',(0.,2.22044604925E-16,1.));
#1018 = ORIENTED_EDGE('',*,*,#1019,.F.);
#1019 = EDGE_CURVE('',#657,#1012,#1020,.T.);
#1020 = LINE('',#1021,#1022);
#1021 = CARTESIAN_POINT('',(183.842834,29.25,0.));
#1022 = VECTOR('',#1023,1.);
#1023 = DIRECTION('',(0.,-1.,0.));
#1024 = ORIENTED_EDGE('',*,*,#656,.T.);
#1025 = ORIENTED_EDGE('',*,*,#1026,.F.);
#1026 = EDGE_CURVE('',#293,#649,#1027,.T.);
#1027 = LINE('',#1028,#1029);
#1028 = CARTESIAN_POINT('',(183.842834,61.,2.130837));
#1029 = VECTOR('',#1030,1.);
#1030 = DIRECTION('',(0.,-1.,2.22044604925E-16));
#1031 = PLANE('',#1032);
#1032 = AXIS2_PLACEMENT_3D('',#1033,#1034,#1035);
#1033 = CARTESIAN_POINT('',(183.842834,61.,-2.840119));
#1034 = DIRECTION('',(-1.,0.,0.));
#1035 = DIRECTION('',(0.,2.22044604925E-16,1.));
#1036 = ADVANCED_FACE('',(#1037),#1043,.F.);
#1037 = FACE_BOUND('',#1038,.F.);
#1038 = EDGE_LOOP('',(#1039,#1040,#1041,#1042));
#1039 = ORIENTED_EDGE('',*,*,#292,.F.);
#1040 = ORIENTED_EDGE('',*,*,#1026,.T.);
#1041 = ORIENTED_EDGE('',*,*,#648,.T.);
#1042 = ORIENTED_EDGE('',*,*,#948,.F.);
#1043 = PLANE('',#1044);
#1044 = AXIS2_PLACEMENT_3D('',#1045,#1046,#1047);
#1045 = CARTESIAN_POINT('',(183.842834,61.,2.130837));
#1046 = DIRECTION('',(0.,2.22044604925E-16,1.));
#1047 = DIRECTION('',(1.,0.,0.));
#1048 = ADVANCED_FACE('',(#1049),#1055,.T.);
#1049 = FACE_BOUND('',#1050,.T.);
#1050 = EDGE_LOOP('',(#1051,#1052,#1053,#1054));
#1051 = ORIENTED_EDGE('',*,*,#915,.T.);
#1052 = ORIENTED_EDGE('',*,*,#398,.T.);
#1053 = ORIENTED_EDGE('',*,*,#346,.F.);
#1054 = ORIENTED_EDGE('',*,*,#933,.F.);
#1055 = CYLINDRICAL_SURFACE('',#1056,5.);
#1056 = AXIS2_PLACEMENT_3D('',#1057,#1058,#1059);
#1057 = CARTESIAN_POINT('',(-161.,56.000001,-24.));
#1058 = DIRECTION('',(0.,0.,1.));
#1059 = DIRECTION('',(0.,1.,0.));
#1060 = ADVANCED_FACE('',(#1061),#1064,.T.);
#1061 = FACE_BOUND('',#1062,.T.);
#1062 = EDGE_LOOP('',(#1063));
#1063 = ORIENTED_EDGE('',*,*,#429,.T.);
#1064 = PLANE('',#1065);
#1065 = AXIS2_PLACEMENT_3D('',#1066,#1067,#1068);
#1066 = CARTESIAN_POINT('',(28.,-2.5,6.5));
#1067 = DIRECTION('',(0.,0.,1.));
#1068 = DIRECTION('',(1.,0.,0.));
#1069 = ADVANCED_FACE('',(#1070),#1131,.T.);
#1070 = FACE_BOUND('',#1071,.T.);
#1071 = EDGE_LOOP('',(#1072,#1081,#1082,#1091,#1098,#1099,#1106,#1107,
    #1114,#1115,#1116,#1122,#1123,#1124));
#1072 = ORIENTED_EDGE('',*,*,#1073,.F.);
#1073 = EDGE_CURVE('',#447,#1074,#1076,.T.);
#1074 = VERTEX_POINT('',#1075);
#1075 = CARTESIAN_POINT('',(-142.506616,45.850079,0.));
#1076 = CIRCLE('',#1077,8.259665);
#1077 = AXIS2_PLACEMENT_3D('',#1078,#1079,#1080);
#1078 = CARTESIAN_POINT('',(-150.766281,45.850079,0.));
#1079 = DIRECTION('',(0.,0.,1.));
#1080 = DIRECTION('',(1.,0.,0.));
#1081 = ORIENTED_EDGE('',*,*,#446,.T.);
#1082 = ORIENTED_EDGE('',*,*,#1083,.F.);
#1083 = EDGE_CURVE('',#1084,#449,#1086,.T.);
#1084 = VERTEX_POINT('',#1085);
#1085 = CARTESIAN_POINT('',(-142.474361,-49.36882,0.));
#1086 = CIRCLE('',#1087,8.289128);
#1087 = AXIS2_PLACEMENT_3D('',#1088,#1089,#1090);
#1088 = CARTESIAN_POINT('',(-150.763489,-49.36882,0.));
#1089 = DIRECTION('',(0.,0.,1.));
#1090 = DIRECTION('',(1.,0.,0.));
#1091 = ORIENTED_EDGE('',*,*,#1092,.F.);
#1092 = EDGE_CURVE('',#542,#1084,#1093,.T.);
#1093 = CIRCLE('',#1094,8.289128);
#1094 = AXIS2_PLACEMENT_3D('',#1095,#1096,#1097);
#1095 = CARTESIAN_POINT('',(-150.763489,-49.36882,0.));
#1096 = DIRECTION('',(0.,0.,1.));
#1097 = DIRECTION('',(1.,0.,0.));
#1098 = ORIENTED_EDGE('',*,*,#557,.T.);
#1099 = ORIENTED_EDGE('',*,*,#1100,.F.);
#1100 = EDGE_CURVE('',#735,#558,#1101,.T.);
#1101 = CIRCLE('',#1102,8.241532);
#1102 = AXIS2_PLACEMENT_3D('',#1103,#1104,#1105);
#1103 = CARTESIAN_POINT('',(206.395035,-49.377563,0.));
#1104 = DIRECTION('',(0.,0.,1.));
#1105 = DIRECTION('',(1.,0.,0.));
#1106 = ORIENTED_EDGE('',*,*,#749,.T.);
#1107 = ORIENTED_EDGE('',*,*,#1108,.F.);
#1108 = EDGE_CURVE('',#608,#750,#1109,.T.);
#1109 = CIRCLE('',#1110,8.274604);
#1110 = AXIS2_PLACEMENT_3D('',#1111,#1112,#1113);
#1111 = CARTESIAN_POINT('',(206.407013,45.877552,0.));
#1112 = DIRECTION('',(0.,0.,1.));
#1113 = DIRECTION('',(1.,0.,0.));
#1114 = ORIENTED_EDGE('',*,*,#632,.T.);
#1115 = ORIENTED_EDGE('',*,*,#955,.F.);
#1116 = ORIENTED_EDGE('',*,*,#1117,.T.);
#1117 = EDGE_CURVE('',#956,#1012,#1118,.T.);
#1118 = LINE('',#1119,#1120);
#1119 = CARTESIAN_POINT('',(108.7445945,31.,0.));
#1120 = VECTOR('',#1121,1.);
#1121 = DIRECTION('',(-1.,0.,0.));
#1122 = ORIENTED_EDGE('',*,*,#1019,.F.);
#1123 = ORIENTED_EDGE('',*,*,#664,.T.);
#1124 = ORIENTED_EDGE('',*,*,#1125,.F.);
#1125 = EDGE_CURVE('',#1074,#665,#1126,.T.);
#1126 = CIRCLE('',#1127,8.259665);
#1127 = AXIS2_PLACEMENT_3D('',#1128,#1129,#1130);
#1128 = CARTESIAN_POINT('',(-150.766281,45.850079,0.));
#1129 = DIRECTION('',(0.,0.,1.));
#1130 = DIRECTION('',(1.,0.,0.));
#1131 = PLANE('',#1132);
#1132 = AXIS2_PLACEMENT_3D('',#1133,#1134,#1135);
#1133 = CARTESIAN_POINT('',(28.,-2.5,0.));
#1134 = DIRECTION('',(0.,0.,1.));
#1135 = DIRECTION('',(1.,0.,0.));
#1136 = ADVANCED_FACE('',(#1137),#1177,.T.);
#1137 = FACE_BOUND('',#1138,.T.);
#1138 = EDGE_LOOP('',(#1139,#1147,#1148,#1156));
#1139 = ORIENTED_EDGE('',*,*,#1140,.F.);
#1140 = EDGE_CURVE('',#497,#1141,#1143,.T.);
#1141 = VERTEX_POINT('',#1142);
#1142 = CARTESIAN_POINT('',(-151.6641576907,46.733579628388,
    6.939665523816));
#1143 = ( BOUNDED_CURVE() B_SPLINE_CURVE(2,(#1144,#1145,#1146),
.UNSPECIFIED.,.F.,.F.) B_SPLINE_CURVE_WITH_KNOTS((3,3),(0.,2.13015645152
),.PIECEWISE_BEZIER_KNOTS.) CURVE() GEOMETRIC_REPRESENTATION_ITEM() 
RATIONAL_B_SPLINE_CURVE((1.,0.752001313177,1.)) REPRESENTATION_ITEM('') 
  );
#1144 = CARTESIAN_POINT('',(-156.,51.,0.));
#1145 = CARTESIAN_POINT('',(-151.6641576907,46.733579628388,
    0.803863401119));
#1146 = CARTESIAN_POINT('',(-151.6641576907,46.733579628388,
    6.939665523816));
#1147 = ORIENTED_EDGE('',*,*,#504,.T.);
#1148 = ORIENTED_EDGE('',*,*,#1149,.T.);
#1149 = EDGE_CURVE('',#447,#1150,#1152,.T.);
#1150 = VERTEX_POINT('',#1151);
#1151 = CARTESIAN_POINT('',(-151.5644650237,44.875574933035,7.));
#1152 = ( BOUNDED_CURVE() B_SPLINE_CURVE(2,(#1153,#1154,#1155),
.UNSPECIFIED.,.F.,.F.) B_SPLINE_CURVE_WITH_KNOTS((3,3),(0.,2.09339295661
),.PIECEWISE_BEZIER_KNOTS.) CURVE() GEOMETRIC_REPRESENTATION_ITEM() 
RATIONAL_B_SPLINE_CURVE((1.,0.707106621768,1.)) REPRESENTATION_ITEM('') 
  );
#1153 = CARTESIAN_POINT('',(-156.000002,39.460221212318,0.));
#1154 = CARTESIAN_POINT('',(-151.5644650237,44.875574933035,
    -3.156328673981E-06));
#1155 = CARTESIAN_POINT('',(-151.5644650237,44.875574933035,7.));
#1156 = ORIENTED_EDGE('',*,*,#1157,.F.);
#1157 = EDGE_CURVE('',#1141,#1150,#1158,.T.);
#1158 = ( BOUNDED_CURVE() B_SPLINE_CURVE(9,(#1159,#1160,#1161,#1162,
    #1163,#1164,#1165,#1166,#1167,#1168,#1169,#1170,#1171,#1172,#1173,
#1174,#1175,#1176),.UNSPECIFIED.,.F.,.F.) B_SPLINE_CURVE_WITH_KNOTS((10,
    8,10),(2.978181494688,4.024877972994,5.071574451299),.UNSPECIFIED.) 
CURVE() GEOMETRIC_REPRESENTATION_ITEM() RATIONAL_B_SPLINE_CURVE((1.,1.,
    1.,1.,1.,1.,1.,1.,1.,1.,1.,1.,1.,1.,1.,1.,1.,1.)) 
REPRESENTATION_ITEM('') );
#1159 = CARTESIAN_POINT('',(-151.6641578595,46.733579456854,
    6.939665711915));
#1160 = CARTESIAN_POINT('',(-151.7457277669,46.65068223622,
    6.851513793782));
#1161 = CARTESIAN_POINT('',(-151.8186874256,46.559312629709,
    6.717585475903));
#1162 = CARTESIAN_POINT('',(-151.8820311266,46.460492719233,
    6.598278083653));
#1163 = CARTESIAN_POINT('',(-151.9348947062,46.355383834389,
    6.493563862014));
#1164 = CARTESIAN_POINT('',(-151.9765787869,46.245263021569,
    6.409798777617));
#1165 = CARTESIAN_POINT('',(-152.0065669816,46.131494399645,
    6.351322961367));
#1166 = CARTESIAN_POINT('',(-152.0245376101,46.015497450034,
    6.314830379359));
#1167 = CARTESIAN_POINT('',(-152.0303685633,45.898714105858,
    6.303376994743));
#1168 = CARTESIAN_POINT('',(-152.0179035158,45.66643853775,
    6.328199721457));
#1169 = CARTESIAN_POINT('',(-151.9996075144,45.550946312998,
    6.364830503265));
#1170 = CARTESIAN_POINT('',(-151.9693242315,45.437531597274,
    6.423805497966));
#1171 = CARTESIAN_POINT('',(-151.927328152,45.327616338736,
    6.510743002004));
#1172 = CARTESIAN_POINT('',(-151.8740907579,45.222579996492,
    6.608252777892));
#1173 = CARTESIAN_POINT('',(-151.8102729078,45.123727338454,
    6.740932015235));
#1174 = CARTESIAN_POINT('',(-151.7367114642,45.03225797609,
    6.861240941211));
#1175 = CARTESIAN_POINT('',(-151.6544002672,44.949237914009,
    7.000000419636));
#1176 = CARTESIAN_POINT('',(-151.5644650237,44.875574933035,7.));
#1177 = ( BOUNDED_SURFACE() B_SPLINE_SURFACE(2,9,(
    (#1178,#1179,#1180,#1181,#1182,#1183,#1184,#1185,#1186,#1187,#1188
      ,#1189,#1190,#1191,#1192,#1193,#1194,#1195)
    ,(#1196,#1197,#1198,#1199,#1200,#1201,#1202,#1203,#1204,#1205,#1206
      ,#1207,#1208,#1209,#1210,#1211,#1212,#1213)
    ,(#1214,#1215,#1216,#1217,#1218,#1219,#1220,#1221,#1222,#1223,#1224
      ,#1225,#1226,#1227,#1228,#1229,#1230,#1231
)),.UNSPECIFIED.,.F.,.F.,.F.) B_SPLINE_SURFACE_WITH_KNOTS((3,3),(10,8,10
    ),(0.,2.09339295661),(2.978181494688,4.024877972994,5.071574451299),
.UNSPECIFIED.) GEOMETRIC_REPRESENTATION_ITEM() RATIONAL_B_SPLINE_SURFACE
((
    (1.,1.,1.,1.,1.,1.,1.,1.,1.,1.,1.,1.,1.,1.,1.,1.,1.,1.)
    ,(0.752001245473,0.783681265714,0.804058005129,0.819056501484
      ,0.829853520504,0.837566593147,0.842923542792,0.845979611538
      ,0.847028405629,0.844835575941,0.841615325768,0.83609426386
      ,0.828368200477,0.816984246826,0.80273182754,0.781726357647
      ,0.754111891358,0.707106621768)
    ,(1.,1.,1.,1.,1.,1.,1.,1.,1.,1.,1.,1.,1.,1.,1.,1.,1.,1.
))) REPRESENTATION_ITEM('') SURFACE() );
#1178 = CARTESIAN_POINT('',(-151.6641578595,46.733579456854,
    6.939665711915));
#1179 = CARTESIAN_POINT('',(-151.7457277669,46.65068223622,
    6.851513793782));
#1180 = CARTESIAN_POINT('',(-151.8186874256,46.559312629709,
    6.717585475903));
#1181 = CARTESIAN_POINT('',(-151.8820311266,46.460492719233,
    6.598278083653));
#1182 = CARTESIAN_POINT('',(-151.9348947062,46.355383834389,
    6.493563862014));
#1183 = CARTESIAN_POINT('',(-151.9765787869,46.245263021569,
    6.409798777617));
#1184 = CARTESIAN_POINT('',(-152.0065669816,46.131494399645,
    6.351322961367));
#1185 = CARTESIAN_POINT('',(-152.0245376101,46.015497450034,
    6.314830379359));
#1186 = CARTESIAN_POINT('',(-152.0303685633,45.898714105858,
    6.303376994743));
#1187 = CARTESIAN_POINT('',(-152.0179035158,45.66643853775,
    6.328199721457));
#1188 = CARTESIAN_POINT('',(-151.9996075144,45.550946312998,
    6.364830503265));
#1189 = CARTESIAN_POINT('',(-151.9693242315,45.437531597274,
    6.423805497966));
#1190 = CARTESIAN_POINT('',(-151.927328152,45.327616338736,
    6.510743002004));
#1191 = CARTESIAN_POINT('',(-151.8740907579,45.222579996492,
    6.608252777892));
#1192 = CARTESIAN_POINT('',(-151.8102729078,45.123727338454,
    6.740932015235));
#1193 = CARTESIAN_POINT('',(-151.7367114642,45.03225797609,
    6.861240941211));
#1194 = CARTESIAN_POINT('',(-151.6544002672,44.949237914009,
    7.000000419636));
#1195 = CARTESIAN_POINT('',(-151.5644650237,44.875574933035,7.));
#1196 = CARTESIAN_POINT('',(-151.6641578595,46.733579456854,
    0.803862318105));
#1197 = CARTESIAN_POINT('',(-151.7424303341,46.654033325167,
    1.290139030953));
#1198 = CARTESIAN_POINT('',(-151.8158996549,46.563253969238,
    1.536611182449));
#1199 = CARTESIAN_POINT('',(-151.8799225598,46.46432739645,
    1.689855775436));
#1200 = CARTESIAN_POINT('',(-151.9336757331,46.358481808926,
    1.784237617729));
#1201 = CARTESIAN_POINT('',(-151.9760978693,46.247347918758,
    1.843610281643));
#1202 = CARTESIAN_POINT('',(-152.0063992676,46.132676895373,
    1.882350383384));
#1203 = CARTESIAN_POINT('',(-152.0245668197,46.015808751554,
    1.903006368394));
#1204 = CARTESIAN_POINT('',(-152.0303604958,45.898563774193,
    1.910551925047));
#1205 = CARTESIAN_POINT('',(-152.0178954273,45.666287815889,
    1.895152227756));
#1206 = CARTESIAN_POINT('',(-151.9994857848,45.550082001221,1.8722797712
    ));
#1207 = CARTESIAN_POINT('',(-151.9689295328,45.435726248355,
    1.831614084875));
#1208 = CARTESIAN_POINT('',(-151.9260164216,45.324469648121,
    1.770619506603));
#1209 = CARTESIAN_POINT('',(-151.8722070355,45.218660248777,
    1.669620505106));
#1210 = CARTESIAN_POINT('',(-151.8065354381,45.118575824152,
    1.524929282601));
#1211 = CARTESIAN_POINT('',(-151.7324203003,45.027259686976,
    1.273203565632));
#1212 = CARTESIAN_POINT('',(-151.6487944275,44.944646356285,
    0.87264462782));
#1213 = CARTESIAN_POINT('',(-151.5644650237,44.875574933035,
    -3.156328673981E-06));
#1214 = CARTESIAN_POINT('',(-156.000002,51.,0.));
#1215 = CARTESIAN_POINT('',(-156.000002,50.048934723603,
    -7.105427357601E-15));
#1216 = CARTESIAN_POINT('',(-156.000002,49.292154784155,
    3.508304757815E-14));
#1217 = CARTESIAN_POINT('',(-156.000002,48.638974365908,
    -6.883382752676E-14));
#1218 = CARTESIAN_POINT('',(-156.000002,48.057281975222,
    9.148237722911E-14));
#1219 = CARTESIAN_POINT('',(-156.000002,47.523101474002,
    -9.192646643896E-14));
#1220 = CARTESIAN_POINT('',(-156.000002,47.018652100739,
    6.661338147751E-14));
#1221 = CARTESIAN_POINT('',(-156.000002,46.533114400362,
    -2.886579864025E-14));
#1222 = CARTESIAN_POINT('',(-156.000002,46.053833071901,
    6.217248937901E-15));
#1223 = CARTESIAN_POINT('',(-156.000002,45.084590589391,
    -9.325873406851E-15));
#1224 = CARTESIAN_POINT('',(-156.000002,44.594612414207,
    3.774758283726E-14));
#1225 = CARTESIAN_POINT('',(-156.000002,44.086785456073,
    -7.904787935331E-14));
#1226 = CARTESIAN_POINT('',(-156.000002,43.550054133578,1.1857181903E-13
    ));
#1227 = CARTESIAN_POINT('',(-156.000002,42.964365425925,
    -1.429967255717E-13));
#1228 = CARTESIAN_POINT('',(-156.000002,42.316372178003,
    1.239008895482E-13));
#1229 = CARTESIAN_POINT('',(-156.000002,41.56163065491,
    -7.061018436616E-14));
#1230 = CARTESIAN_POINT('',(-156.000002,40.663208090177,
    2.264854970235E-14));
#1231 = CARTESIAN_POINT('',(-156.000002,39.460221212318,0.));
#1232 = ADVANCED_FACE('',(#1233),#1276,.T.);
#1233 = FACE_BOUND('',#1234,.T.);
#1234 = EDGE_LOOP('',(#1235,#1244,#1245,#1253));
#1235 = ORIENTED_EDGE('',*,*,#1236,.F.);
#1236 = EDGE_CURVE('',#449,#1237,#1239,.T.);
#1237 = VERTEX_POINT('',#1238);
#1238 = CARTESIAN_POINT('',(-151.577872968,-48.36950535838,7.));
#1239 = CIRCLE('',#1240,7.);
#1240 = AXIS2_PLACEMENT_3D('',#1241,#1242,#1243);
#1241 = CARTESIAN_POINT('',(-156.,-42.94319975388,7.));
#1242 = DIRECTION('',(-0.775186514928,-0.631732433134,-0.));
#1243 = DIRECTION('',(-0.631732433134,0.775186514928,0.));
#1244 = ORIENTED_EDGE('',*,*,#456,.T.);
#1245 = ORIENTED_EDGE('',*,*,#1246,.T.);
#1246 = EDGE_CURVE('',#457,#1247,#1249,.T.);
#1247 = VERTEX_POINT('',#1248);
#1248 = CARTESIAN_POINT('',(-151.577872968,-50.36813464161,7.));
#1249 = ( BOUNDED_CURVE() B_SPLINE_CURVE(2,(#1250,#1251,#1252),
.UNSPECIFIED.,.F.,.F.) B_SPLINE_CURVE_WITH_KNOTS((3,3),(0.,
2.286939589607),.PIECEWISE_BEZIER_KNOTS.) CURVE() 
GEOMETRIC_REPRESENTATION_ITEM() RATIONAL_B_SPLINE_CURVE((1.,
0.707106621285,1.)) REPRESENTATION_ITEM('') );
#1250 = CARTESIAN_POINT('',(-156.000002,-55.79444270027,0.));
#1251 = CARTESIAN_POINT('',(-151.577872968,-50.36813464161,
    -3.165898742274E-06));
#1252 = CARTESIAN_POINT('',(-151.577872968,-50.36813464161,7.));
#1253 = ORIENTED_EDGE('',*,*,#1254,.F.);
#1254 = EDGE_CURVE('',#1237,#1247,#1255,.T.);
#1255 = ( BOUNDED_CURVE() B_SPLINE_CURVE(10,(#1256,#1257,#1258,#1259,
    #1260,#1261,#1262,#1263,#1264,#1265,#1266,#1267,#1268,#1269,#1270,
    #1271,#1272,#1273,#1274,#1275),.UNSPECIFIED.,.F.,.F.) 
B_SPLINE_CURVE_WITH_KNOTS((11,9,11),(2.906445259533,4.049915054337,
5.193384849141),.UNSPECIFIED.) CURVE() GEOMETRIC_REPRESENTATION_ITEM() 
RATIONAL_B_SPLINE_CURVE((1.,1.,1.,1.,1.,1.,1.,1.,1.,1.,1.,1.,1.,1.,1.,1.
,1.,1.,1.,1.)) REPRESENTATION_ITEM('') );
#1256 = CARTESIAN_POINT('',(-151.577872968,-48.36950535838,7.));
#1257 = CARTESIAN_POINT('',(-151.6665123665,-48.44174137098,
    7.000000408042));
#1258 = CARTESIAN_POINT('',(-151.7480335021,-48.52271413283,
    6.870998731554));
#1259 = CARTESIAN_POINT('',(-151.8214666557,-48.611633939,6.751425687055
    ));
#1260 = CARTESIAN_POINT('',(-151.8859429556,-48.70758830759,
    6.621378192337));
#1261 = CARTESIAN_POINT('',(-151.9407120728,-48.80955705389,
    6.521877294237));
#1262 = CARTESIAN_POINT('',(-151.9851573717,-48.91643023466,
    6.430502488107));
#1263 = CARTESIAN_POINT('',(-152.0188080176,-49.02702859966,
    6.366404848541));
#1264 = CARTESIAN_POINT('',(-152.0413473392,-49.14012604104,
    6.321419835025));
#1265 = CARTESIAN_POINT('',(-152.052617,-49.25447302052,6.299328667547)
  );
#1266 = CARTESIAN_POINT('',(-152.052617,-49.48316697948,6.299328667547)
  );
#1267 = CARTESIAN_POINT('',(-152.0413473392,-49.59751395895,
    6.321419835025));
#1268 = CARTESIAN_POINT('',(-152.0188080176,-49.71061140033,
    6.366404848541));
#1269 = CARTESIAN_POINT('',(-151.9851573717,-49.82120976533,
    6.430502488107));
#1270 = CARTESIAN_POINT('',(-151.9407120728,-49.9280829461,
    6.521877294236));
#1271 = CARTESIAN_POINT('',(-151.8859429556,-50.0300516924,
    6.621378192338));
#1272 = CARTESIAN_POINT('',(-151.8214666557,-50.126006061,6.751425687055
    ));
#1273 = CARTESIAN_POINT('',(-151.7480335021,-50.21492586717,
    6.870998731554));
#1274 = CARTESIAN_POINT('',(-151.6665123665,-50.29589862901,
    7.000000408042));
#1275 = CARTESIAN_POINT('',(-151.577872968,-50.36813464161,7.));
#1276 = ( BOUNDED_SURFACE() B_SPLINE_SURFACE(2,10,(
    (#1277,#1278,#1279,#1280,#1281,#1282,#1283,#1284,#1285,#1286,#1287
      ,#1288,#1289,#1290,#1291,#1292,#1293,#1294,#1295,#1296)
    ,(#1297,#1298,#1299,#1300,#1301,#1302,#1303,#1304,#1305,#1306,#1307
      ,#1308,#1309,#1310,#1311,#1312,#1313,#1314,#1315,#1316)
    ,(#1317,#1318,#1319,#1320,#1321,#1322,#1323,#1324,#1325,#1326,#1327
      ,#1328,#1329,#1330,#1331,#1332,#1333,#1334,#1335,#1336
)),.UNSPECIFIED.,.F.,.F.,.F.) B_SPLINE_SURFACE_WITH_KNOTS((3,3),(11,9,11
    ),(0.,2.286939589607),(2.906445259533,4.049915054337,5.193384849141)
,.UNSPECIFIED.) GEOMETRIC_REPRESENTATION_ITEM() 
RATIONAL_B_SPLINE_SURFACE((
    (1.,1.,1.,1.,1.,1.,1.,1.,1.,1.,1.,1.,1.,1.,1.,1.,1.,1.,1.,1.)
    ,(0.707106621285,0.752675008825,0.78031130662,0.801217346934
      ,0.815794067237,0.827463528266,0.835552755888,0.841617464302
      ,0.845439863885,0.847374727362,0.847374727362,0.845439863885
      ,0.841617464302,0.835552755888,0.827463528266,0.815794067237
      ,0.801217346934,0.78031130662,0.752675008825,0.707106621285)
    ,(1.,1.,1.,1.,1.,1.,1.,1.,1.,1.,1.,1.,1.,1.,1.,1.,1.,1.,1.,1.
))) REPRESENTATION_ITEM('') SURFACE() );
#1277 = CARTESIAN_POINT('',(-151.577872968,-48.36950535838,7.));
#1278 = CARTESIAN_POINT('',(-151.6665123665,-48.44174137098,
    7.000000408042));
#1279 = CARTESIAN_POINT('',(-151.7480335021,-48.52271413283,
    6.870998731554));
#1280 = CARTESIAN_POINT('',(-151.8214666557,-48.611633939,6.751425687055
    ));
#1281 = CARTESIAN_POINT('',(-151.8859429556,-48.70758830759,
    6.621378192337));
#1282 = CARTESIAN_POINT('',(-151.9407120728,-48.80955705389,
    6.521877294237));
#1283 = CARTESIAN_POINT('',(-151.9851573717,-48.91643023466,
    6.430502488107));
#1284 = CARTESIAN_POINT('',(-152.0188080176,-49.02702859966,
    6.366404848541));
#1285 = CARTESIAN_POINT('',(-152.0413473392,-49.14012604104,
    6.321419835025));
#1286 = CARTESIAN_POINT('',(-152.052617,-49.25447302052,6.299328667547)
  );
#1287 = CARTESIAN_POINT('',(-152.052617,-49.48316697948,6.299328667547)
  );
#1288 = CARTESIAN_POINT('',(-152.0413473392,-49.59751395895,
    6.321419835025));
#1289 = CARTESIAN_POINT('',(-152.0188080176,-49.71061140033,
    6.366404848541));
#1290 = CARTESIAN_POINT('',(-151.9851573717,-49.82120976533,
    6.430502488107));
#1291 = CARTESIAN_POINT('',(-151.9407120728,-49.9280829461,
    6.521877294236));
#1292 = CARTESIAN_POINT('',(-151.8859429556,-50.0300516924,
    6.621378192338));
#1293 = CARTESIAN_POINT('',(-151.8214666557,-50.126006061,6.751425687055
    ));
#1294 = CARTESIAN_POINT('',(-151.7480335021,-50.21492586717,
    6.870998731554));
#1295 = CARTESIAN_POINT('',(-151.6665123665,-50.29589862901,
    7.000000408042));
#1296 = CARTESIAN_POINT('',(-151.577872968,-50.36813464161,7.));
#1297 = CARTESIAN_POINT('',(-151.577872968,-48.36950535838,
    -3.165898700086E-06));
#1298 = CARTESIAN_POINT('',(-151.6611459674,-48.43736806434,
    0.847584048518));
#1299 = CARTESIAN_POINT('',(-151.74356513,-48.51771136974,1.254748229015
    ));
#1300 = CARTESIAN_POINT('',(-151.8175548256,-48.60640586658,
    1.508669728032));
#1301 = CARTESIAN_POINT('',(-151.8837084369,-48.70334461955,
    1.659900696174));
#1302 = CARTESIAN_POINT('',(-151.9390852411,-48.8059642201,
    1.764240664776));
#1303 = CARTESIAN_POINT('',(-151.9845598751,-48.91412312061,
    1.828847216782));
#1304 = CARTESIAN_POINT('',(-152.0185400996,-49.02562754146,
    1.873105344476));
#1305 = CARTESIAN_POINT('',(-152.0413279746,-49.13961072594,
    1.899571581695));
#1306 = CARTESIAN_POINT('',(-152.052617,-49.25447302052,1.91287791092));
#1307 = CARTESIAN_POINT('',(-152.052617,-49.48316697948,1.91287791092));
#1308 = CARTESIAN_POINT('',(-152.0413279746,-49.59802927405,
    1.899571581695));
#1309 = CARTESIAN_POINT('',(-152.0185400996,-49.71201245854,
    1.873105344476));
#1310 = CARTESIAN_POINT('',(-151.9845598751,-49.82351687938,
    1.828847216781));
#1311 = CARTESIAN_POINT('',(-151.9390852411,-49.93167577989,
    1.764240664776));
#1312 = CARTESIAN_POINT('',(-151.8837084369,-50.03429538044,
    1.659900696174));
#1313 = CARTESIAN_POINT('',(-151.8175548256,-50.13123413341,
    1.508669728031));
#1314 = CARTESIAN_POINT('',(-151.74356513,-50.21992863025,1.254748229015
    ));
#1315 = CARTESIAN_POINT('',(-151.6611459674,-50.30027193566,
    0.847584048518));
#1316 = CARTESIAN_POINT('',(-151.577872968,-50.36813464161,
    -3.165898742274E-06));
#1317 = CARTESIAN_POINT('',(-156.000002,-42.94319729972,0.));
#1318 = CARTESIAN_POINT('',(-156.000002,-44.1070563479,
    4.751754545396E-14));
#1319 = CARTESIAN_POINT('',(-156.000002,-44.98945930833,
    -1.820765760385E-13));
#1320 = CARTESIAN_POINT('',(-156.000002,-45.73037126841,
    4.041211809636E-13));
#1321 = CARTESIAN_POINT('',(-156.000002,-46.36881207021,
    -6.163958232719E-13));
#1322 = CARTESIAN_POINT('',(-156.0000019999,-46.94401013353,
    6.772360450213E-13));
#1323 = CARTESIAN_POINT('',(-156.000002,-47.46994563536,
    -5.413447468072E-13));
#1324 = CARTESIAN_POINT('',(-156.000002,-47.96532960282,
    3.201883203019E-13));
#1325 = CARTESIAN_POINT('',(-156.000002,-48.43983214731,
    -1.345590305846E-13));
#1326 = CARTESIAN_POINT('',(-156.000002,-48.90433591109,
    3.153033389935E-14));
#1327 = CARTESIAN_POINT('',(-156.000002,-49.8333040889,
    -3.241851231905E-14));
#1328 = CARTESIAN_POINT('',(-156.000002,-50.29780785268,
    1.292299600664E-13));
#1329 = CARTESIAN_POINT('',(-156.000002,-50.77231039718,
    -2.939870569207E-13));
#1330 = CARTESIAN_POINT('',(-156.000002,-51.26769436463,
    4.809486142676E-13));
#1331 = CARTESIAN_POINT('',(-156.000002,-51.79362986646,
    -6.07069949865E-13));
#1332 = CARTESIAN_POINT('',(-156.000002,-52.36882792978,
    5.999645225074E-13));
#1333 = CARTESIAN_POINT('',(-156.000002,-53.00726873159,
    -4.387601393319E-13));
#1334 = CARTESIAN_POINT('',(-156.000002,-53.74818069166,
    2.16271445197E-13));
#1335 = CARTESIAN_POINT('',(-156.000002,-54.63058365209,
    -5.995204332976E-14));
#1336 = CARTESIAN_POINT('',(-156.000002,-55.79444270027,0.));
#1337 = ADVANCED_FACE('',(#1338),#1349,.T.);
#1338 = FACE_BOUND('',#1339,.T.);
#1339 = EDGE_LOOP('',(#1340,#1341,#1342));
#1340 = ORIENTED_EDGE('',*,*,#481,.T.);
#1341 = ORIENTED_EDGE('',*,*,#533,.T.);
#1342 = ORIENTED_EDGE('',*,*,#1343,.F.);
#1343 = EDGE_CURVE('',#457,#534,#1344,.T.);
#1344 = CIRCLE('',#1345,8.289128);
#1345 = AXIS2_PLACEMENT_3D('',#1346,#1347,#1348);
#1346 = CARTESIAN_POINT('',(-150.763489,-49.36882,0.));
#1347 = DIRECTION('',(0.,0.,1.));
#1348 = DIRECTION('',(1.,0.,0.));
#1349 = PLANE('',#1350);
#1350 = AXIS2_PLACEMENT_3D('',#1351,#1352,#1353);
#1351 = CARTESIAN_POINT('',(28.,-2.5,0.));
#1352 = DIRECTION('',(0.,0.,1.));
#1353 = DIRECTION('',(1.,0.,0.));
#1354 = ADVANCED_FACE('',(#1355),#1389,.T.);
#1355 = FACE_BOUND('',#1356,.T.);
#1356 = EDGE_LOOP('',(#1357,#1366,#1367,#1375));
#1357 = ORIENTED_EDGE('',*,*,#1358,.F.);
#1358 = EDGE_CURVE('',#534,#1359,#1361,.T.);
#1359 = VERTEX_POINT('',#1360);
#1360 = CARTESIAN_POINT('',(-151.5369911802,-50.40010336431,7.));
#1361 = CIRCLE('',#1362,7.);
#1362 = AXIS2_PLACEMENT_3D('',#1363,#1364,#1365);
#1363 = CARTESIAN_POINT('',(-155.7371289958,-56.,7.));
#1364 = DIRECTION('',(0.79998523367,-0.600019687935,0.));
#1365 = DIRECTION('',(-0.600019687935,-0.79998523367,0.));
#1366 = ORIENTED_EDGE('',*,*,#541,.T.);
#1367 = ORIENTED_EDGE('',*,*,#1368,.T.);
#1368 = EDGE_CURVE('',#542,#1369,#1371,.T.);
#1369 = VERTEX_POINT('',#1370);
#1370 = CARTESIAN_POINT('',(-149.9899868197,-50.40010336431,7.));
#1371 = ( BOUNDED_CURVE() B_SPLINE_CURVE(2,(#1372,#1373,#1374),
.UNSPECIFIED.,.F.,.F.) B_SPLINE_CURVE_WITH_KNOTS((3,3),(0.,1.65917404601
),.PIECEWISE_BEZIER_KNOTS.) CURVE() GEOMETRIC_REPRESENTATION_ITEM() 
RATIONAL_B_SPLINE_CURVE((1.,0.707106718051,1.)) REPRESENTATION_ITEM('') 
  );
#1372 = CARTESIAN_POINT('',(-145.7898482541,-56.000001,0.));
#1373 = CARTESIAN_POINT('',(-149.9899868197,-50.40010336431,
    -1.250023268007E-06));
#1374 = CARTESIAN_POINT('',(-149.9899868197,-50.40010336431,7.));
#1375 = ORIENTED_EDGE('',*,*,#1376,.F.);
#1376 = EDGE_CURVE('',#1359,#1369,#1377,.T.);
#1377 = ( BOUNDED_CURVE() B_SPLINE_CURVE(10,(#1378,#1379,#1380,#1381,
    #1382,#1383,#1384,#1385,#1386,#1387,#1388),.UNSPECIFIED.,.F.,.F.) 
B_SPLINE_CURVE_WITH_KNOTS((11,11),(5.2452855585,6.904459604511),
.PIECEWISE_BEZIER_KNOTS.) CURVE() GEOMETRIC_REPRESENTATION_ITEM() 
RATIONAL_B_SPLINE_CURVE((1.,1.,1.,1.,1.,1.,1.,1.,1.,1.,1.)) 
REPRESENTATION_ITEM('') );
#1378 = CARTESIAN_POINT('',(-151.5369911802,-50.40010336431,7.));
#1379 = CARTESIAN_POINT('',(-151.4042598914,-50.49965693495,
    7.000000142892));
#1380 = CARTESIAN_POINT('',(-151.2572914441,-50.5802295361,
    6.898494054915));
#1381 = CARTESIAN_POINT('',(-151.0991401647,-50.63952996359,
    6.832993115498));
#1382 = CARTESIAN_POINT('',(-150.9332810086,-50.67582974633,
    6.771439578326));
#1383 = CARTESIAN_POINT('',(-150.763489,-50.68805183967,6.766896217031)
  );
#1384 = CARTESIAN_POINT('',(-150.5936969913,-50.67582974633,
    6.771439578326));
#1385 = CARTESIAN_POINT('',(-150.4278378352,-50.63952996359,
    6.832993115498));
#1386 = CARTESIAN_POINT('',(-150.2696865558,-50.5802295361,
    6.898494054916));
#1387 = CARTESIAN_POINT('',(-150.1227181085,-50.49965693495,
    7.000000142892));
#1388 = CARTESIAN_POINT('',(-149.9899868197,-50.40010336431,7.));
#1389 = ( BOUNDED_SURFACE() B_SPLINE_SURFACE(2,10,(
    (#1390,#1391,#1392,#1393,#1394,#1395,#1396,#1397,#1398,#1399,#1400)
    ,(#1401,#1402,#1403,#1404,#1405,#1406,#1407,#1408,#1409,#1410,#1411)
    ,(#1412,#1413,#1414,#1415,#1416,#1417,#1418,#1419,#1420,#1421,#1422
)),.UNSPECIFIED.,.F.,.F.,.F.) B_SPLINE_SURFACE_WITH_KNOTS((3,3),(11,11),
  (0.,1.65917404601),(5.2452855585,6.904459604511),
.PIECEWISE_BEZIER_KNOTS.) GEOMETRIC_REPRESENTATION_ITEM() 
RATIONAL_B_SPLINE_SURFACE((
    (1.,1.,1.,1.,1.,1.,1.,1.,1.,1.,1.)
    ,(0.707106718051,0.747521919318,0.769002557659,0.783308856109
      ,0.790055725834,0.793179136846,0.790055725834,0.783308856109
      ,0.769002557659,0.747521919318,0.707106718051)
,(1.,1.,1.,1.,1.,1.,1.,1.,1.,1.,1.
  ))) REPRESENTATION_ITEM('') SURFACE() );
#1390 = CARTESIAN_POINT('',(-151.5369911802,-50.40010336431,7.));
#1391 = CARTESIAN_POINT('',(-151.4042598914,-50.49965693495,
    7.000000142892));
#1392 = CARTESIAN_POINT('',(-151.2572914441,-50.5802295361,
    6.898494054915));
#1393 = CARTESIAN_POINT('',(-151.0991401647,-50.63952996359,
    6.832993115498));
#1394 = CARTESIAN_POINT('',(-150.9332810086,-50.67582974633,
    6.771439578326));
#1395 = CARTESIAN_POINT('',(-150.763489,-50.68805183967,6.766896217031)
  );
#1396 = CARTESIAN_POINT('',(-150.5936969913,-50.67582974633,
    6.771439578326));
#1397 = CARTESIAN_POINT('',(-150.4278378352,-50.63952996359,
    6.832993115498));
#1398 = CARTESIAN_POINT('',(-150.2696865558,-50.5802295361,
    6.898494054916));
#1399 = CARTESIAN_POINT('',(-150.1227181085,-50.49965693495,
    7.000000142892));
#1400 = CARTESIAN_POINT('',(-149.9899868197,-50.40010336431,7.));
#1401 = CARTESIAN_POINT('',(-151.5369911802,-50.40010336431,
    -1.25002327378E-06));
#1402 = CARTESIAN_POINT('',(-151.4114360847,-50.49427451406,
    0.756916914053));
#1403 = CARTESIAN_POINT('',(-151.2643268664,-50.57735192703,
    1.08004344534));
#1404 = CARTESIAN_POINT('',(-151.1052129045,-50.63783456992,
    1.26798771221));
#1405 = CARTESIAN_POINT('',(-150.9362589123,-50.67639621389,
    1.348935886883));
#1406 = CARTESIAN_POINT('',(-150.763489,-50.68821251319,1.384193651271)
  );
#1407 = CARTESIAN_POINT('',(-150.5907190876,-50.67639621389,
    1.348935886883));
#1408 = CARTESIAN_POINT('',(-150.4217650954,-50.63783456992,
    1.267987712211));
#1409 = CARTESIAN_POINT('',(-150.2626511335,-50.57735192703,
    1.08004344534));
#1410 = CARTESIAN_POINT('',(-150.1155419152,-50.49427451406,
    0.756916914053));
#1411 = CARTESIAN_POINT('',(-149.9899868197,-50.40010336431,
    -1.250023268007E-06));
#1412 = CARTESIAN_POINT('',(-155.7371297458,-56.000001,0.));
#1413 = CARTESIAN_POINT('',(-154.4035400232,-56.000001,
    3.863576125696E-14));
#1414 = CARTESIAN_POINT('',(-153.3559438815,-56.000001,
    -1.616484723854E-13));
#1415 = CARTESIAN_POINT('',(-152.4302120641,-56.000001,
    3.730349362741E-13));
#1416 = CARTESIAN_POINT('',(-151.5824220776,-56.000001,
    -5.875300246316E-13));
#1417 = CARTESIAN_POINT('',(-150.763489,-56.000001,6.759037773918E-13));
#1418 = CARTESIAN_POINT('',(-149.9445559222,-56.000001,
    -5.786482404346E-13));
#1419 = CARTESIAN_POINT('',(-149.0967659358,-56.000001,
    3.623767952377E-13));
#1420 = CARTESIAN_POINT('',(-148.1710341184,-56.000001,
    -1.585398479165E-13));
#1421 = CARTESIAN_POINT('',(-147.1234379767,-56.000001,
    3.907985046681E-14));
#1422 = CARTESIAN_POINT('',(-145.7898482541,-56.000001,0.));
#1423 = ADVANCED_FACE('',(#1424),#1458,.T.);
#1424 = FACE_BOUND('',#1425,.T.);
#1425 = EDGE_LOOP('',(#1426,#1435,#1436,#1444));
#1426 = ORIENTED_EDGE('',*,*,#1427,.F.);
#1427 = EDGE_CURVE('',#558,#1428,#1430,.T.);
#1428 = VERTEX_POINT('',#1429);
#1429 = CARTESIAN_POINT('',(205.65601952975,-50.37518910319,7.));
#1430 = CIRCLE('',#1431,7.);
#1431 = AXIS2_PLACEMENT_3D('',#1432,#1433,#1434);
#1432 = CARTESIAN_POINT('',(201.48930591167,-56.,7.));
#1433 = DIRECTION('',(0.80354441383,-0.595244802584,0.));
#1434 = DIRECTION('',(-0.595244802584,-0.80354441383,0.));
#1435 = ORIENTED_EDGE('',*,*,#565,.T.);
#1436 = ORIENTED_EDGE('',*,*,#1437,.T.);
#1437 = EDGE_CURVE('',#566,#1438,#1440,.T.);
#1438 = VERTEX_POINT('',#1439);
#1439 = CARTESIAN_POINT('',(207.13405047024,-50.37518910319,7.));
#1440 = ( BOUNDED_CURVE() B_SPLINE_CURVE(2,(#1441,#1442,#1443),
.UNSPECIFIED.,.F.,.F.) B_SPLINE_CURVE_WITH_KNOTS((3,3),(0.,
1.583127779427),.PIECEWISE_BEZIER_KNOTS.) CURVE() 
GEOMETRIC_REPRESENTATION_ITEM() RATIONAL_B_SPLINE_CURVE((1.,
0.70710671833,1.)) REPRESENTATION_ITEM('') );
#1441 = CARTESIAN_POINT('',(211.3007648291,-56.000001,0.));
#1442 = CARTESIAN_POINT('',(207.13405047024,-50.37518910319,
    -1.244486536933E-06));
#1443 = CARTESIAN_POINT('',(207.13405047024,-50.37518910319,7.));
#1444 = ORIENTED_EDGE('',*,*,#1445,.F.);
#1445 = EDGE_CURVE('',#1428,#1438,#1446,.T.);
#1446 = ( BOUNDED_CURVE() B_SPLINE_CURVE(10,(#1447,#1448,#1449,#1450,
    #1451,#1452,#1453,#1454,#1455,#1456,#1457),.UNSPECIFIED.,.F.,.F.) 
B_SPLINE_CURVE_WITH_KNOTS((11,11),(5.059017825882,6.642145605308),
.PIECEWISE_BEZIER_KNOTS.) CURVE() GEOMETRIC_REPRESENTATION_ITEM() 
RATIONAL_B_SPLINE_CURVE((1.,1.,1.,1.,1.,1.,1.,1.,1.,1.,1.)) 
REPRESENTATION_ITEM('') );
#1447 = CARTESIAN_POINT('',(205.65601952975,-50.37518910319,7.));
#1448 = CARTESIAN_POINT('',(205.78323071048,-50.46942383726,
    7.000000138402));
#1449 = CARTESIAN_POINT('',(205.92379367269,-50.54563532649,
    6.903914511805));
#1450 = CARTESIAN_POINT('',(206.07483506151,-50.60169476,6.840699538688)
  );
#1451 = CARTESIAN_POINT('',(206.23309432195,-50.63599777853,
    6.782442320884));
#1452 = CARTESIAN_POINT('',(206.39503499999,-50.64754538206,
    6.777294003409));
#1453 = CARTESIAN_POINT('',(206.55697567804,-50.63599777853,
    6.782442320884));
#1454 = CARTESIAN_POINT('',(206.71523493848,-50.60169476,6.840699538688)
  );
#1455 = CARTESIAN_POINT('',(206.86627632731,-50.54563532649,
    6.903914511805));
#1456 = CARTESIAN_POINT('',(207.00683928952,-50.46942383726,
    7.000000138402));
#1457 = CARTESIAN_POINT('',(207.13405047024,-50.37518910319,7.));
#1458 = ( BOUNDED_SURFACE() B_SPLINE_SURFACE(2,10,(
    (#1459,#1460,#1461,#1462,#1463,#1464,#1465,#1466,#1467,#1468,#1469)
    ,(#1470,#1471,#1472,#1473,#1474,#1475,#1476,#1477,#1478,#1479,#1480)
    ,(#1481,#1482,#1483,#1484,#1485,#1486,#1487,#1488,#1489,#1490,#1491
)),.UNSPECIFIED.,.F.,.F.,.F.) B_SPLINE_SURFACE_WITH_KNOTS((3,3),(11,11),
  (0.,1.583127779427),(5.059017825882,6.642145605308),
.PIECEWISE_BEZIER_KNOTS.) GEOMETRIC_REPRESENTATION_ITEM() 
RATIONAL_B_SPLINE_SURFACE((
    (1.,1.,1.,1.,1.,1.,1.,1.,1.,1.,1.)
    ,(0.70710671833,0.746426239935,0.767549272279,0.781558307895
      ,0.788259066361,0.791268597995,0.788259066361,0.781558307895
      ,0.767549272279,0.746426239934,0.70710671833)
,(1.,1.,1.,1.,1.,1.,1.,1.,1.,1.,1.
  ))) REPRESENTATION_ITEM('') SURFACE() );
#1459 = CARTESIAN_POINT('',(205.65601952975,-50.37518910319,7.));
#1460 = CARTESIAN_POINT('',(205.78323071048,-50.46942383726,
    7.000000138402));
#1461 = CARTESIAN_POINT('',(205.92379367269,-50.54563532649,
    6.903914511805));
#1462 = CARTESIAN_POINT('',(206.07483506151,-50.60169476,6.840699538688)
  );
#1463 = CARTESIAN_POINT('',(206.23309432195,-50.63599777853,
    6.782442320884));
#1464 = CARTESIAN_POINT('',(206.39503499999,-50.64754538206,
    6.777294003409));
#1465 = CARTESIAN_POINT('',(206.55697567804,-50.63599777853,
    6.782442320884));
#1466 = CARTESIAN_POINT('',(206.71523493848,-50.60169476,6.840699538688)
  );
#1467 = CARTESIAN_POINT('',(206.86627632731,-50.54563532649,
    6.903914511805));
#1468 = CARTESIAN_POINT('',(207.00683928952,-50.46942383726,
    7.000000138402));
#1469 = CARTESIAN_POINT('',(207.13405047024,-50.37518910319,7.));
#1470 = CARTESIAN_POINT('',(205.65601952975,-50.37518910319,
    -1.244486532936E-06));
#1471 = CARTESIAN_POINT('',(205.77652960258,-50.46445983082,
    0.737477384841));
#1472 = CARTESIAN_POINT('',(205.91716762652,-50.54293524548,
    1.058092922174));
#1473 = CARTESIAN_POINT('',(206.06914066312,-50.60013830726,
    1.244381927501));
#1474 = CARTESIAN_POINT('',(206.23028039409,-50.63649560002,
    1.326130025471));
#1475 = CARTESIAN_POINT('',(206.395035,-50.64772802532,1.36062746588));
#1476 = CARTESIAN_POINT('',(206.55978960589,-50.63649560003,
    1.326130025472));
#1477 = CARTESIAN_POINT('',(206.72092933687,-50.60013830726,
    1.244381927501));
#1478 = CARTESIAN_POINT('',(206.87290237347,-50.54293524548,
    1.058092922174));
#1479 = CARTESIAN_POINT('',(207.01354039741,-50.46445983082,
    0.737477384841));
#1480 = CARTESIAN_POINT('',(207.13405047024,-50.37518910319,
    -1.244486536933E-06));
#1481 = CARTESIAN_POINT('',(201.48930517089,-56.000001,0.));
#1482 = CARTESIAN_POINT('',(202.79714815831,-56.000001,
    3.552713678801E-15));
#1483 = CARTESIAN_POINT('',(203.83054097451,-56.000001,
    -2.22044604925E-15));
#1484 = CARTESIAN_POINT('',(204.74509011828,-56.000001,
    -1.24344978758E-14));
#1485 = CARTESIAN_POINT('',(205.58424303976,-56.000001,
    4.884981308351E-14));
#1486 = CARTESIAN_POINT('',(206.395035,-56.000001,-9.769962616701E-14));
#1487 = CARTESIAN_POINT('',(207.20582696022,-56.000001,
    1.221245327088E-13));
#1488 = CARTESIAN_POINT('',(208.04497988172,-56.000001,
    -9.681144774731E-14));
#1489 = CARTESIAN_POINT('',(208.95952902548,-56.000001,
    4.352074256531E-14));
#1490 = CARTESIAN_POINT('',(209.99292184168,-56.000001,
    -1.021405182655E-14));
#1491 = CARTESIAN_POINT('',(211.3007648291,-56.000001,0.));
#1492 = ADVANCED_FACE('',(#1493),#1504,.T.);
#1493 = FACE_BOUND('',#1494,.T.);
#1494 = EDGE_LOOP('',(#1495,#1496,#1497));
#1495 = ORIENTED_EDGE('',*,*,#581,.T.);
#1496 = ORIENTED_EDGE('',*,*,#711,.T.);
#1497 = ORIENTED_EDGE('',*,*,#1498,.F.);
#1498 = EDGE_CURVE('',#566,#712,#1499,.T.);
#1499 = CIRCLE('',#1500,8.241532);
#1500 = AXIS2_PLACEMENT_3D('',#1501,#1502,#1503);
#1501 = CARTESIAN_POINT('',(206.395035,-49.377563,0.));
#1502 = DIRECTION('',(0.,0.,1.));
#1503 = DIRECTION('',(1.,0.,0.));
#1504 = PLANE('',#1505);
#1505 = AXIS2_PLACEMENT_3D('',#1506,#1507,#1508);
#1506 = CARTESIAN_POINT('',(28.,-2.5,0.));
#1507 = DIRECTION('',(0.,0.,1.));
#1508 = DIRECTION('',(1.,0.,0.));
#1509 = ADVANCED_FACE('',(#1510),#1553,.T.);
#1510 = FACE_BOUND('',#1511,.T.);
#1511 = EDGE_LOOP('',(#1512,#1520,#1521,#1530));
#1512 = ORIENTED_EDGE('',*,*,#1513,.F.);
#1513 = EDGE_CURVE('',#606,#1514,#1516,.T.);
#1514 = VERTEX_POINT('',#1515);
#1515 = CARTESIAN_POINT('',(207.34696855452,46.738423019568,
    6.965875616156));
#1516 = ( BOUNDED_CURVE() B_SPLINE_CURVE(2,(#1517,#1518,#1519),
.UNSPECIFIED.,.F.,.F.) B_SPLINE_CURVE_WITH_KNOTS((3,3),(0.,
0.945103386422),.PIECEWISE_BEZIER_KNOTS.) CURVE() 
GEOMETRIC_REPRESENTATION_ITEM() RATIONAL_B_SPLINE_CURVE((1.,
0.741154769522,1.)) REPRESENTATION_ITEM('') );
#1517 = CARTESIAN_POINT('',(212.,51.,0.));
#1518 = CARTESIAN_POINT('',(207.34696855452,46.738423019568,
    0.625311417191));
#1519 = CARTESIAN_POINT('',(207.34696855452,46.738423019568,
    6.965875616156));
#1520 = ORIENTED_EDGE('',*,*,#605,.T.);
#1521 = ORIENTED_EDGE('',*,*,#1522,.T.);
#1522 = EDGE_CURVE('',#608,#1523,#1525,.T.);
#1523 = VERTEX_POINT('',#1524);
#1524 = CARTESIAN_POINT('',(205.40600734471,46.666603984916,7.));
#1525 = CIRCLE('',#1526,7.);
#1526 = AXIS2_PLACEMENT_3D('',#1527,#1528,#1529);
#1527 = CARTESIAN_POINT('',(199.90858258611,51.,7.));
#1528 = DIRECTION('',(-0.619056573583,-0.785346394086,-0.));
#1529 = DIRECTION('',(-0.785346394086,0.619056573583,0.));
#1530 = ORIENTED_EDGE('',*,*,#1531,.F.);
#1531 = EDGE_CURVE('',#1514,#1523,#1532,.T.);
#1532 = ( BOUNDED_CURVE() B_SPLINE_CURVE(10,(#1533,#1534,#1535,#1536,
    #1537,#1538,#1539,#1540,#1541,#1542,#1543,#1544,#1545,#1546,#1547,
    #1548,#1549,#1550,#1551,#1552),.UNSPECIFIED.,.F.,.F.) 
B_SPLINE_CURVE_WITH_KNOTS((11,9,11),(8.953730338737,10.057869896702,
11.162009454666),.UNSPECIFIED.) CURVE() GEOMETRIC_REPRESENTATION_ITEM() 
RATIONAL_B_SPLINE_CURVE((1.,1.,1.,1.,1.,1.,1.,1.,1.,1.,1.,1.,1.,1.,1.,1.
,1.,1.,1.,1.)) REPRESENTATION_ITEM('') );
#1533 = CARTESIAN_POINT('',(207.34696855452,46.738423019568,
    6.965875616155));
#1534 = CARTESIAN_POINT('',(207.27239494936,46.819847382564,
    6.894782406028));
#1535 = CARTESIAN_POINT('',(207.1899844341,46.894093696428,
    6.762191877485));
#1536 = CARTESIAN_POINT('',(207.10051394351,46.960313833434,
    6.637876087027));
#1537 = CARTESIAN_POINT('',(207.00486533328,47.01775554073,
    6.521953433787));
#1538 = CARTESIAN_POINT('',(206.90401175434,47.065777517718,
    6.424639712934));
#1539 = CARTESIAN_POINT('',(206.79900126572,47.103862471955,
    6.348632180505));
#1540 = CARTESIAN_POINT('',(206.69093806937,47.131627102762,
    6.291363829464));
#1541 = CARTESIAN_POINT('',(206.5809622743,47.148828495783,
    6.256944577529));
#1542 = CARTESIAN_POINT('',(206.47022919069,47.155366827219,
    6.243605270218));
#1543 = CARTESIAN_POINT('',(206.2495484456,47.147202319393,
    6.260153345736));
#1544 = CARTESIAN_POINT('',(206.13960078425,47.13249948007,
    6.289858111983));
#1545 = CARTESIAN_POINT('',(206.03119583454,47.107218531004,
    6.341708623474));
#1546 = CARTESIAN_POINT('',(205.92547829025,47.071544246133,
    6.411877504365));
#1547 = CARTESIAN_POINT('',(205.8235670388,47.025802898858,
    6.508631307523));
#1548 = CARTESIAN_POINT('',(205.72653489375,46.970457956202,
    6.612625289846));
#1549 = CARTESIAN_POINT('',(205.63538930012,46.906102406843,
    6.746548460038));
#1550 = CARTESIAN_POINT('',(205.55105463087,46.833448141679,
    6.868962802961));
#1551 = CARTESIAN_POINT('',(205.47435633948,46.753312759001,7.));
#1552 = CARTESIAN_POINT('',(205.40600734471,46.666603984914,7.));
#1553 = ( BOUNDED_SURFACE() B_SPLINE_SURFACE(2,10,(
    (#1554,#1555,#1556,#1557,#1558,#1559,#1560,#1561,#1562,#1563,#1564
      ,#1565,#1566,#1567,#1568,#1569,#1570,#1571,#1572,#1573)
    ,(#1574,#1575,#1576,#1577,#1578,#1579,#1580,#1581,#1582,#1583,#1584
      ,#1585,#1586,#1587,#1588,#1589,#1590,#1591,#1592,#1593)
    ,(#1594,#1595,#1596,#1597,#1598,#1599,#1600,#1601,#1602,#1603,#1604
      ,#1605,#1606,#1607,#1608,#1609,#1610,#1611,#1612,#1613
)),.UNSPECIFIED.,.F.,.F.,.F.) B_SPLINE_SURFACE_WITH_KNOTS((3,3),(11,9,11
    ),(0.,2.208279115928),(8.953730338737,10.057869896702,
11.162009454666),.UNSPECIFIED.) GEOMETRIC_REPRESENTATION_ITEM() 
RATIONAL_B_SPLINE_SURFACE((
    (1.,1.,1.,1.,1.,1.,1.,1.,1.,1.,1.,1.,1.,1.,1.,1.,1.,1.,1.,1.)
    ,(0.741154769522,0.775722463364,0.798195884376,0.814981522824
      ,0.827309806986,0.836571621475,0.843444233922,0.8481047072
      ,0.850997972874,0.852101883498,0.850723610236,0.848230579201
      ,0.843940072533,0.837470752272,0.829028665889,0.81703321321
      ,0.802162018,0.780960266395,0.753033097715,0.707106781187)
    ,(1.,1.,1.,1.,1.,1.,1.,1.,1.,1.,1.,1.,1.,1.,1.,1.,1.,1.,1.,1.
))) REPRESENTATION_ITEM('') SURFACE() );
#1554 = CARTESIAN_POINT('',(207.34696855452,46.738423019568,
    6.965875616155));
#1555 = CARTESIAN_POINT('',(207.27239494936,46.819847382564,
    6.894782406028));
#1556 = CARTESIAN_POINT('',(207.1899844341,46.894093696428,
    6.762191877485));
#1557 = CARTESIAN_POINT('',(207.10051394351,46.960313833434,
    6.637876087027));
#1558 = CARTESIAN_POINT('',(207.00486533328,47.01775554073,
    6.521953433787));
#1559 = CARTESIAN_POINT('',(206.90401175434,47.065777517718,
    6.424639712934));
#1560 = CARTESIAN_POINT('',(206.79900126572,47.103862471955,
    6.348632180505));
#1561 = CARTESIAN_POINT('',(206.69093806937,47.131627102762,
    6.291363829464));
#1562 = CARTESIAN_POINT('',(206.5809622743,47.148828495783,
    6.256944577529));
#1563 = CARTESIAN_POINT('',(206.47022919069,47.155366827219,
    6.243605270218));
#1564 = CARTESIAN_POINT('',(206.2495484456,47.147202319393,
    6.260153345736));
#1565 = CARTESIAN_POINT('',(206.13960078425,47.13249948007,
    6.289858111983));
#1566 = CARTESIAN_POINT('',(206.03119583454,47.107218531004,
    6.341708623474));
#1567 = CARTESIAN_POINT('',(205.92547829025,47.071544246133,
    6.411877504365));
#1568 = CARTESIAN_POINT('',(205.8235670388,47.025802898858,
    6.508631307523));
#1569 = CARTESIAN_POINT('',(205.72653489375,46.970457956202,
    6.612625289846));
#1570 = CARTESIAN_POINT('',(205.63538930012,46.906102406843,
    6.746548460038));
#1571 = CARTESIAN_POINT('',(205.55105463087,46.833448141679,
    6.868962802961));
#1572 = CARTESIAN_POINT('',(205.47435633948,46.753312759001,7.));
#1573 = CARTESIAN_POINT('',(205.40600734471,46.666603984914,7.));
#1574 = CARTESIAN_POINT('',(207.34696855452,46.738423019568,
    0.625311417191));
#1575 = CARTESIAN_POINT('',(207.27571809349,46.816218955408,
    1.184309541197));
#1576 = CARTESIAN_POINT('',(207.19403010749,46.890797196969,
    1.472971766039));
#1577 = CARTESIAN_POINT('',(207.10463844828,46.957602649755,
    1.653299036257));
#1578 = CARTESIAN_POINT('',(207.00840905981,47.015999227494,
    1.76565779427));
#1579 = CARTESIAN_POINT('',(206.90674359941,47.064807188119,
    1.83913797945));
#1580 = CARTESIAN_POINT('',(206.80090447108,47.103370386674,
    1.888324107926));
#1581 = CARTESIAN_POINT('',(206.69191784055,47.13153390506,
    1.918595532302));
#1582 = CARTESIAN_POINT('',(206.5812766339,47.148828271588,
    1.936980231193));
#1583 = CARTESIAN_POINT('',(206.47013995301,47.1553635257,1.944075447712
    ));
#1584 = CARTESIAN_POINT('',(206.24945906335,47.147199012525,
    1.935248247369));
#1585 = CARTESIAN_POINT('',(206.13898132466,47.132442815677,
    1.919154580753));
#1586 = CARTESIAN_POINT('',(206.02972244994,47.106878991443,
    1.890771105513));
#1587 = CARTESIAN_POINT('',(205.92315167324,47.070851303858,
    1.845061207288));
#1588 = CARTESIAN_POINT('',(205.82003630132,47.024081568699,
    1.779163519151));
#1589 = CARTESIAN_POINT('',(205.72241286453,46.968142493235,
    1.673481048932));
#1590 = CARTESIAN_POINT('',(205.63035883155,46.902159175923,
    1.520601619511));
#1591 = CARTESIAN_POINT('',(205.54626632916,46.828993866677,
    1.264414042242));
#1592 = CARTESIAN_POINT('',(205.47018784068,46.748024525832,
    0.853838208906));
#1593 = CARTESIAN_POINT('',(205.40600734471,46.666603984914,
    1.039168751049E-13));
#1594 = CARTESIAN_POINT('',(212.,51.,0.));
#1595 = CARTESIAN_POINT('',(211.02723785111,51.,-1.731947918415E-14));
#1596 = CARTESIAN_POINT('',(210.25890093817,51.,6.838973831691E-14));
#1597 = CARTESIAN_POINT('',(209.60261589739,51.,-1.740829702612E-13));
#1598 = CARTESIAN_POINT('',(209.02493240876,51.,3.206324095117E-13));
#1599 = CARTESIAN_POINT('',(208.50042327666,51.,-4.392042285417E-13));
#1600 = CARTESIAN_POINT('',(208.01252271198,51.,4.343192472334E-13));
#1601 = CARTESIAN_POINT('',(207.5504758632,51.,-3.01980662698E-13));
#1602 = CARTESIAN_POINT('',(207.10299757205,51.,1.403321903126E-13));
#1603 = CARTESIAN_POINT('',(206.66184469733,51.,-3.819167204711E-14));
#1604 = CARTESIAN_POINT('',(205.77314361761,51.,4.396483177516E-14));
#1605 = CARTESIAN_POINT('',(205.32560681662,51.,-1.900701818158E-13));
#1606 = CARTESIAN_POINT('',(204.86575570197,51.,4.41424674591E-13));
#1607 = CARTESIAN_POINT('',(204.38321671222,51.,-6.981082378843E-13));
#1608 = CARTESIAN_POINT('',(203.86867694243,50.999999999999,
    7.895906151134E-13));
#1609 = CARTESIAN_POINT('',(203.30365559839,51.,-6.470379787515E-13));
#1610 = CARTESIAN_POINT('',(202.67434850506,51.,3.756994715332E-13));
#1611 = CARTESIAN_POINT('',(201.94159571613,51.,-1.483257960899E-13));
#1612 = CARTESIAN_POINT('',(201.06640884305,51.,3.37507799486E-14));
#1613 = CARTESIAN_POINT('',(199.90858258611,51.,0.));
#1614 = ADVANCED_FACE('',(#1615),#1651,.T.);
#1615 = FACE_BOUND('',#1616,.T.);
#1616 = EDGE_LOOP('',(#1617,#1626,#1627,#1628));
#1617 = ORIENTED_EDGE('',*,*,#1618,.F.);
#1618 = EDGE_CURVE('',#665,#1619,#1621,.T.);
#1619 = VERTEX_POINT('',#1620);
#1620 = CARTESIAN_POINT('',(-149.7814479072,46.635483158215,7.));
#1621 = CIRCLE('',#1622,7.);
#1622 = AXIS2_PLACEMENT_3D('',#1623,#1624,#1625);
#1623 = CARTESIAN_POINT('',(-144.3086978912,51.,7.));
#1624 = DIRECTION('',(-0.623502405969,0.781821430859,0.));
#1625 = DIRECTION('',(0.781821430859,0.623502405969,0.));
#1626 = ORIENTED_EDGE('',*,*,#672,.T.);
#1627 = ORIENTED_EDGE('',*,*,#1140,.T.);
#1628 = ORIENTED_EDGE('',*,*,#1629,.F.);
#1629 = EDGE_CURVE('',#1619,#1141,#1630,.T.);
#1630 = ( BOUNDED_CURVE() B_SPLINE_CURVE(10,(#1631,#1632,#1633,#1634,
    #1635,#1636,#1637,#1638,#1639,#1640,#1641,#1642,#1643,#1644,#1645,
    #1646,#1647,#1648,#1649,#1650),.UNSPECIFIED.,.F.,.F.) 
B_SPLINE_CURVE_WITH_KNOTS((11,9,11),(0.848024802517,1.913103028277,
2.978181254037),.UNSPECIFIED.) CURVE() GEOMETRIC_REPRESENTATION_ITEM() 
RATIONAL_B_SPLINE_CURVE((1.,1.,1.,1.,1.,1.,1.,1.,1.,1.,1.,1.,1.,
1.000000000001,0.999999999999,1.,1.,1.,1.,1.)) REPRESENTATION_ITEM('') 
  );
#1631 = CARTESIAN_POINT('',(-149.7814479072,46.635483158215,7.));
#1632 = CARTESIAN_POINT('',(-149.8478287418,46.718719339064,7.));
#1633 = CARTESIAN_POINT('',(-149.9220421928,46.795741820186,
    6.878537451619));
#1634 = CARTESIAN_POINT('',(-150.0034296308,46.865711694274,
    6.761271794769));
#1635 = CARTESIAN_POINT('',(-150.0912295484,46.927873548467,
    6.634162396302));
#1636 = CARTESIAN_POINT('',(-150.1845908054,46.981569324417,
    6.532734352634));
#1637 = CARTESIAN_POINT('',(-150.28258762,47.026249531826,6.439147571288
    ));
#1638 = CARTESIAN_POINT('',(-150.3842356655,47.061481868806,
    6.369549927616));
#1639 = CARTESIAN_POINT('',(-150.4885090396,47.086957383275,
    6.317433977773));
#1640 = CARTESIAN_POINT('',(-150.5943578521,47.102493963907,
    6.286019610741));
#1641 = CARTESIAN_POINT('',(-150.807094051,47.11358012997,6.263546997424
    ));
#1642 = CARTESIAN_POINT('',(-150.9139814374,47.109129715466,
    6.272614788064));
#1643 = CARTESIAN_POINT('',(-151.0203319596,47.094631239108,
    6.301764956758));
#1644 = CARTESIAN_POINT('',(-151.1250832044,47.070157686182,
    6.351942085147));
#1645 = CARTESIAN_POINT('',(-151.2271842297,47.035910289703,
    6.420662579238));
#1646 = CARTESIAN_POINT('',(-151.3256134281,46.992216461804,
    6.509136612802));
#1647 = CARTESIAN_POINT('',(-151.4193961028,46.939524779223,
    6.615182329573));
#1648 = CARTESIAN_POINT('',(-151.5076210617,46.878397000272,
    6.731785356206));
#1649 = CARTESIAN_POINT('',(-151.5894555055,46.809497345621,
    6.856286758745));
#1650 = CARTESIAN_POINT('',(-151.6641576907,46.733579628388,
    6.939665523816));
#1651 = ( BOUNDED_SURFACE() B_SPLINE_SURFACE(2,10,(
    (#1652,#1653,#1654,#1655,#1656,#1657,#1658,#1659,#1660,#1661,#1662
      ,#1663,#1664,#1665,#1666,#1667,#1668,#1669,#1670,#1671)
    ,(#1672,#1673,#1674,#1675,#1676,#1677,#1678,#1679,#1680,#1681,#1682
      ,#1683,#1684,#1685,#1686,#1687,#1688,#1689,#1690,#1691)
    ,(#1692,#1693,#1694,#1695,#1696,#1697,#1698,#1699,#1700,#1701,#1702
      ,#1703,#1704,#1705,#1706,#1707,#1708,#1709,#1710,#1711
)),.UNSPECIFIED.,.F.,.F.,.F.) B_SPLINE_SURFACE_WITH_KNOTS((3,3),(11,9,11
    ),(0.,2.13015645152),(0.848024802517,1.913103028277,2.978181254037),
.UNSPECIFIED.) GEOMETRIC_REPRESENTATION_ITEM() RATIONAL_B_SPLINE_SURFACE
((
    (1.,1.,1.,1.,1.,1.,1.,1.,1.,1.,1.,1.,1.,1.000000000001
      ,0.999999999999,1.,1.,1.,1.,1.)
    ,(0.707106781187,0.751318596655,0.778755795946,0.799571419083
      ,0.814408341164,0.826308052849,0.834844545541,0.841391000986
      ,0.845837302909,0.848530042207,0.85044073449,0.849666179037
      ,0.847195243711,0.843022470886,0.836833087842,0.828418215999
      ,0.817207331876,0.802117880705,0.781965908346,0.752001313177)
    ,(1.,1.,1.,1.,1.,1.,1.,1.,1.,1.,1.,1.,1.,1.000000000001
,0.999999999999,1.,1.,1.,1.,1.))) REPRESENTATION_ITEM('') SURFACE() );
#1652 = CARTESIAN_POINT('',(-149.7814479072,46.635483158215,7.));
#1653 = CARTESIAN_POINT('',(-149.8478287418,46.718719339064,7.));
#1654 = CARTESIAN_POINT('',(-149.9220421928,46.795741820186,
    6.878537451619));
#1655 = CARTESIAN_POINT('',(-150.0034296308,46.865711694274,
    6.761271794769));
#1656 = CARTESIAN_POINT('',(-150.0912295484,46.927873548467,
    6.634162396302));
#1657 = CARTESIAN_POINT('',(-150.1845908054,46.981569324417,
    6.532734352634));
#1658 = CARTESIAN_POINT('',(-150.28258762,47.026249531826,6.439147571288
    ));
#1659 = CARTESIAN_POINT('',(-150.3842356655,47.061481868806,
    6.369549927616));
#1660 = CARTESIAN_POINT('',(-150.4885090396,47.086957383275,
    6.317433977773));
#1661 = CARTESIAN_POINT('',(-150.5943578521,47.102493963907,
    6.286019610741));
#1662 = CARTESIAN_POINT('',(-150.807094051,47.11358012997,6.263546997424
    ));
#1663 = CARTESIAN_POINT('',(-150.9139814374,47.109129715466,
    6.272614788064));
#1664 = CARTESIAN_POINT('',(-151.0203319596,47.094631239108,
    6.301764956758));
#1665 = CARTESIAN_POINT('',(-151.1250832044,47.070157686182,
    6.351942085147));
#1666 = CARTESIAN_POINT('',(-151.2271842297,47.035910289703,
    6.420662579238));
#1667 = CARTESIAN_POINT('',(-151.3256134281,46.992216461804,
    6.509136612802));
#1668 = CARTESIAN_POINT('',(-151.4193961028,46.939524779223,
    6.615182329573));
#1669 = CARTESIAN_POINT('',(-151.5076210617,46.878397000272,
    6.731785356206));
#1670 = CARTESIAN_POINT('',(-151.5894555055,46.809497345621,
    6.856286758745));
#1671 = CARTESIAN_POINT('',(-151.6641576907,46.733579628388,
    6.939665523816));
#1672 = CARTESIAN_POINT('',(-149.7814479072,46.635483158215,
    -2.886579864025E-14));
#1673 = CARTESIAN_POINT('',(-149.8439225198,46.713821253639,
    0.823838807278));
#1674 = CARTESIAN_POINT('',(-149.9174786512,46.791492393141,
    1.232750225455));
#1675 = CARTESIAN_POINT('',(-149.9986480584,46.861972467259,
    1.489427876649));
#1676 = CARTESIAN_POINT('',(-150.0872492269,46.925593315238,
    1.646253106548));
#1677 = CARTESIAN_POINT('',(-150.1812021968,46.979908469535,
    1.754574653398));
#1678 = CARTESIAN_POINT('',(-150.2803044415,47.025530937656,
    1.82390068702));
#1679 = CARTESIAN_POINT('',(-150.382780523,47.061131916702,
    1.872067172461));
#1680 = CARTESIAN_POINT('',(-150.4878668432,47.08688552778,
    1.902742531019));
#1681 = CARTESIAN_POINT('',(-150.594238094,47.10248772304,1.920774750099
    ));
#1682 = CARTESIAN_POINT('',(-150.806974562,47.113573903125,
    1.933430861013));
#1683 = CARTESIAN_POINT('',(-150.9142064089,47.109139750061,
    1.928223850505));
#1684 = CARTESIAN_POINT('',(-151.0211630257,47.094566671179,
    1.912141842655));
#1685 = CARTESIAN_POINT('',(-151.1267292901,47.069783260379,
    1.884501202741));
#1686 = CARTESIAN_POINT('',(-151.2296014476,47.035112812833,
    1.840004278051));
#1687 = CARTESIAN_POINT('',(-151.3287574878,46.990759156412,
    1.773471490508));
#1688 = CARTESIAN_POINT('',(-151.4230378772,46.937288082469,
    1.672734967166));
#1689 = CARTESIAN_POINT('',(-151.511202475,46.875646544643,
    1.514656077465));
#1690 = CARTESIAN_POINT('',(-151.5923180609,46.806588211554,
    1.264817798887));
#1691 = CARTESIAN_POINT('',(-151.6641576907,46.733579628388,
    0.803863401119));
#1692 = CARTESIAN_POINT('',(-144.3086978912,51.,0.));
#1693 = CARTESIAN_POINT('',(-145.4283260469,51.,-7.105427357601E-15));
#1694 = CARTESIAN_POINT('',(-146.2845695077,51.,2.84217094304E-14));
#1695 = CARTESIAN_POINT('',(-147.0038448292,51.,-7.505107646466E-14));
#1696 = CARTESIAN_POINT('',(-147.6242423119,51.,1.42108547152E-13));
#1697 = CARTESIAN_POINT('',(-148.1815733767,51.,-2.016165012719E-13));
#1698 = CARTESIAN_POINT('',(-148.6899818604,51.,2.002842336424E-13));
#1699 = CARTESIAN_POINT('',(-149.1664877078,51.,-1.398881011028E-13));
#1700 = CARTESIAN_POINT('',(-149.6203294823,51.,6.439293542826E-14));
#1701 = CARTESIAN_POINT('',(-150.0612668294,51.,-1.909583602355E-14));
#1702 = CARTESIAN_POINT('',(-150.9345470316,51.,2.04281036531E-14));
#1703 = CARTESIAN_POINT('',(-151.3668866815,51.,-7.949196856316E-14));
#1704 = CARTESIAN_POINT('',(-151.8038032255,51.,1.856292897173E-13));
#1705 = CARTESIAN_POINT('',(-152.2531680206,51.,-3.037570195374E-13));
#1706 = CARTESIAN_POINT('',(-152.7248579022,51.,3.623767952377E-13));
#1707 = CARTESIAN_POINT('',(-153.2288827385,51.,-3.157474282034E-13));
#1708 = CARTESIAN_POINT('',(-153.7796998102,51.,1.989519660128E-13));
#1709 = CARTESIAN_POINT('',(-154.398665016,51.,-8.304468224196E-14));
#1710 = CARTESIAN_POINT('',(-155.1148366775,51.,1.998401444325E-14));
#1711 = CARTESIAN_POINT('',(-156.,51.,0.));
#1712 = ADVANCED_FACE('',(#1713),#1746,.T.);
#1713 = FACE_BOUND('',#1714,.T.);
#1714 = EDGE_LOOP('',(#1715,#1724,#1725,#1733));
#1715 = ORIENTED_EDGE('',*,*,#1716,.F.);
#1716 = EDGE_CURVE('',#712,#1717,#1719,.T.);
#1717 = VERTEX_POINT('',#1718);
#1718 = CARTESIAN_POINT('',(207.23938571129,-50.28776824243,7.));
#1719 = CIRCLE('',#1720,7.);
#1720 = AXIS2_PLACEMENT_3D('',#1721,#1722,#1723);
#1721 = CARTESIAN_POINT('',(212.,-55.41968324506,7.));
#1722 = DIRECTION('',(0.733130714661,0.680087755529,0.));
#1723 = DIRECTION('',(0.680087755529,-0.733130714661,0.));
#1724 = ORIENTED_EDGE('',*,*,#719,.T.);
#1725 = ORIENTED_EDGE('',*,*,#1726,.T.);
#1726 = EDGE_CURVE('',#720,#1727,#1729,.T.);
#1727 = VERTEX_POINT('',#1728);
#1728 = CARTESIAN_POINT('',(207.636567,-49.377563,6.484482589576));
#1729 = ( BOUNDED_CURVE() B_SPLINE_CURVE(2,(#1730,#1731,#1732),
.UNSPECIFIED.,.F.,.F.) B_SPLINE_CURVE_WITH_KNOTS((3,3),(0.,
1.021674063084),.PIECEWISE_BEZIER_KNOTS.) CURVE() 
GEOMETRIC_REPRESENTATION_ITEM() RATIONAL_B_SPLINE_CURVE((1.,
0.829654273951,1.)) REPRESENTATION_ITEM('') );
#1730 = CARTESIAN_POINT('',(212.,-49.37756299993,0.));
#1731 = CARTESIAN_POINT('',(207.636567,-49.377563,1.774155963192));
#1732 = CARTESIAN_POINT('',(207.636567,-49.377563,6.484482589576));
#1733 = ORIENTED_EDGE('',*,*,#1734,.F.);
#1734 = EDGE_CURVE('',#1717,#1727,#1735,.T.);
#1735 = ( BOUNDED_CURVE() B_SPLINE_CURVE(9,(#1736,#1737,#1738,#1739,
    #1740,#1741,#1742,#1743,#1744,#1745),.UNSPECIFIED.,.F.,.F.) 
B_SPLINE_CURVE_WITH_KNOTS((10,10),(6.779101557709,7.800775620793),
.PIECEWISE_BEZIER_KNOTS.) CURVE() GEOMETRIC_REPRESENTATION_ITEM() 
RATIONAL_B_SPLINE_CURVE((1.,1.,1.,1.,1.,1.,1.,1.,1.,1.)) 
REPRESENTATION_ITEM('') );
#1736 = CARTESIAN_POINT('',(207.23938571131,-50.28776824242,7.));
#1737 = CARTESIAN_POINT('',(207.32261021844,-50.21056513643,7.));
#1738 = CARTESIAN_POINT('',(207.39789330869,-50.12480118447,
    6.894176728591));
#1739 = CARTESIAN_POINT('',(207.46422852868,-50.03141000685,
    6.795658105474));
#1740 = CARTESIAN_POINT('',(207.52073755865,-49.93146321723,
    6.692107639336));
#1741 = CARTESIAN_POINT('',(207.56669278819,-49.82614936607,
    6.613736273253));
#1742 = CARTESIAN_POINT('',(207.60153575182,-49.71674827173,
    6.548207584675));
#1743 = CARTESIAN_POINT('',(207.62488991743,-49.60460168875,
    6.506030505155));
#1744 = CARTESIAN_POINT('',(207.636567,-49.49108234438,6.484482589573));
#1745 = CARTESIAN_POINT('',(207.636567,-49.377563,6.484482589576));
#1746 = ( BOUNDED_SURFACE() B_SPLINE_SURFACE(2,9,(
    (#1747,#1748,#1749,#1750,#1751,#1752,#1753,#1754,#1755,#1756)
    ,(#1757,#1758,#1759,#1760,#1761,#1762,#1763,#1764,#1765,#1766)
    ,(#1767,#1768,#1769,#1770,#1771,#1772,#1773,#1774,#1775,#1776
)),.UNSPECIFIED.,.F.,.F.,.F.) B_SPLINE_SURFACE_WITH_KNOTS((3,3),(10,10),
  (0.,1.021674063084),(6.779101557709,7.800775620793),
.PIECEWISE_BEZIER_KNOTS.) GEOMETRIC_REPRESENTATION_ITEM() 
RATIONAL_B_SPLINE_SURFACE((
    (1.,1.,1.,1.,1.,1.,1.,1.,1.,1.)
    ,(0.707106781187,0.748136002473,0.773486327779,0.792479070967
      ,0.805737277027,0.815911755207,0.822812051975,0.82739168499
      ,0.829654273952,0.829654273951)
,(1.,1.,1.,1.,1.,1.,1.,1.,1.,1.))) REPRESENTATION_ITEM('') SURFACE() );
#1747 = CARTESIAN_POINT('',(207.23938571131,-50.28776824242,7.));
#1748 = CARTESIAN_POINT('',(207.32261021844,-50.21056513643,7.));
#1749 = CARTESIAN_POINT('',(207.39789330869,-50.12480118447,
    6.894176728591));
#1750 = CARTESIAN_POINT('',(207.46422852868,-50.03141000685,
    6.795658105474));
#1751 = CARTESIAN_POINT('',(207.52073755865,-49.93146321723,
    6.692107639336));
#1752 = CARTESIAN_POINT('',(207.56669278819,-49.82614936607,
    6.613736273253));
#1753 = CARTESIAN_POINT('',(207.60153575182,-49.71674827173,
    6.548207584675));
#1754 = CARTESIAN_POINT('',(207.62488991743,-49.60460168875,
    6.506030505155));
#1755 = CARTESIAN_POINT('',(207.636567,-49.49108234438,6.484482589573));
#1756 = CARTESIAN_POINT('',(207.636567,-49.377563,6.484482589576));
#1757 = CARTESIAN_POINT('',(207.23938571131,-50.28776824242,
    6.750155989721E-14));
#1758 = CARTESIAN_POINT('',(207.31804602596,-50.21479910366,
    0.767787001442));
#1759 = CARTESIAN_POINT('',(207.39421373073,-50.12957764388,
    1.152871035184));
#1760 = CARTESIAN_POINT('',(207.46120946771,-50.03620157253,
    1.397295138849));
#1761 = CARTESIAN_POINT('',(207.51916754594,-49.93517136049,
    1.546820992066));
#1762 = CARTESIAN_POINT('',(207.56574723641,-49.82896299155,
    1.649374297653));
#1763 = CARTESIAN_POINT('',(207.60128395758,-49.71831133786,
    1.71365222279));
#1764 = CARTESIAN_POINT('',(207.62485028936,-49.60523227371,
    1.754255135122));
#1765 = CARTESIAN_POINT('',(207.636567,-49.49108234438,1.774155963194));
#1766 = CARTESIAN_POINT('',(207.636567,-49.377563,1.774155963192));
#1767 = CARTESIAN_POINT('',(212.,-55.41968324506,0.));
#1768 = CARTESIAN_POINT('',(212.,-54.31164463678,8.437694987151E-15));
#1769 = CARTESIAN_POINT('',(212.,-53.44929117491,-3.863576125696E-14));
#1770 = CARTESIAN_POINT('',(212.,-52.71285278006,8.126832540256E-14));
#1771 = CARTESIAN_POINT('',(212.,-52.06688730089,-1.083577672034E-13));
#1772 = CARTESIAN_POINT('',(212.,-51.47670759591,9.725553695716E-14));
#1773 = CARTESIAN_POINT('',(212.,-50.92757413643,-6.439293542826E-14));
#1774 = CARTESIAN_POINT('',(212.,-50.40251321065,3.508304757815E-14));
#1775 = CARTESIAN_POINT('',(212.,-49.89005226467,-1.287858708565E-14));
#1776 = CARTESIAN_POINT('',(212.,-49.37756299993,0.));
#1777 = ADVANCED_FACE('',(#1778),#1804,.T.);
#1778 = FACE_BOUND('',#1779,.T.);
#1779 = EDGE_LOOP('',(#1780,#1781,#1782,#1791));
#1780 = ORIENTED_EDGE('',*,*,#1726,.F.);
#1781 = ORIENTED_EDGE('',*,*,#734,.T.);
#1782 = ORIENTED_EDGE('',*,*,#1783,.T.);
#1783 = EDGE_CURVE('',#735,#1784,#1786,.T.);
#1784 = VERTEX_POINT('',#1785);
#1785 = CARTESIAN_POINT('',(207.23938571129,-48.46735775756,7.));
#1786 = CIRCLE('',#1787,7.);
#1787 = AXIS2_PLACEMENT_3D('',#1788,#1789,#1790);
#1788 = CARTESIAN_POINT('',(212.,-43.33544275493,7.));
#1789 = DIRECTION('',(-0.733130714661,0.680087755529,0.));
#1790 = DIRECTION('',(0.680087755529,0.733130714661,0.));
#1791 = ORIENTED_EDGE('',*,*,#1792,.F.);
#1792 = EDGE_CURVE('',#1727,#1784,#1793,.T.);
#1793 = ( BOUNDED_CURVE() B_SPLINE_CURVE(9,(#1794,#1795,#1796,#1797,
    #1798,#1799,#1800,#1801,#1802,#1803),.UNSPECIFIED.,.F.,.F.) 
B_SPLINE_CURVE_WITH_KNOTS((10,10),(7.800775620793,8.8224496839),
.PIECEWISE_BEZIER_KNOTS.) CURVE() GEOMETRIC_REPRESENTATION_ITEM() 
RATIONAL_B_SPLINE_CURVE((1.,1.,1.,1.,1.,1.,1.,1.,1.,1.)) 
REPRESENTATION_ITEM('') );
#1794 = CARTESIAN_POINT('',(207.636567,-49.377563,6.484482589576));
#1795 = CARTESIAN_POINT('',(207.636567,-49.26404365561,6.484482589578));
#1796 = CARTESIAN_POINT('',(207.62488991743,-49.15052431124,
    6.506030505137));
#1797 = CARTESIAN_POINT('',(207.60153575182,-49.03837772826,
    6.548207584731));
#1798 = CARTESIAN_POINT('',(207.56669278819,-48.92897663391,
    6.613736273111));
#1799 = CARTESIAN_POINT('',(207.52073755866,-48.82366278276,
    6.692107639557));
#1800 = CARTESIAN_POINT('',(207.46422852867,-48.72371599313,
    6.79565810531));
#1801 = CARTESIAN_POINT('',(207.39789330869,-48.63032481551,
    6.894176728685));
#1802 = CARTESIAN_POINT('',(207.32261021843,-48.54456086355,7.));
#1803 = CARTESIAN_POINT('',(207.23938571129,-48.46735775756,7.));
#1804 = ( BOUNDED_SURFACE() B_SPLINE_SURFACE(2,9,(
    (#1805,#1806,#1807,#1808,#1809,#1810,#1811,#1812,#1813,#1814)
    ,(#1815,#1816,#1817,#1818,#1819,#1820,#1821,#1822,#1823,#1824)
    ,(#1825,#1826,#1827,#1828,#1829,#1830,#1831,#1832,#1833,#1834
)),.UNSPECIFIED.,.F.,.F.,.F.) B_SPLINE_SURFACE_WITH_KNOTS((3,3),(10,10),
  (0.,1.021674063106),(7.800775620793,8.8224496839),
.PIECEWISE_BEZIER_KNOTS.) GEOMETRIC_REPRESENTATION_ITEM() 
RATIONAL_B_SPLINE_SURFACE((
    (1.,1.,1.,1.,1.,1.,1.,1.,1.,1.)
    ,(0.829654273951,0.829654273951,0.827391684987,0.822812051994
      ,0.81591175516,0.805737277097,0.792479070889,0.773486327834
      ,0.748136002441,0.707106781187)
,(1.,1.,1.,1.,1.,1.,1.,1.,1.,1.))) REPRESENTATION_ITEM('') SURFACE() );
#1805 = CARTESIAN_POINT('',(207.636567,-49.377563,6.484482589576));
#1806 = CARTESIAN_POINT('',(207.636567,-49.26404365561,6.484482589578));
#1807 = CARTESIAN_POINT('',(207.62488991743,-49.15052431124,
    6.506030505137));
#1808 = CARTESIAN_POINT('',(207.60153575182,-49.03837772826,
    6.548207584731));
#1809 = CARTESIAN_POINT('',(207.56669278819,-48.92897663391,
    6.613736273111));
#1810 = CARTESIAN_POINT('',(207.52073755866,-48.82366278276,
    6.692107639557));
#1811 = CARTESIAN_POINT('',(207.46422852867,-48.72371599313,
    6.79565810531));
#1812 = CARTESIAN_POINT('',(207.39789330869,-48.63032481551,
    6.894176728685));
#1813 = CARTESIAN_POINT('',(207.32261021843,-48.54456086355,7.));
#1814 = CARTESIAN_POINT('',(207.23938571129,-48.46735775756,7.));
#1815 = CARTESIAN_POINT('',(207.636567,-49.377563,1.774155963192));
#1816 = CARTESIAN_POINT('',(207.636567,-49.26404365561,1.77415596319));
#1817 = CARTESIAN_POINT('',(207.62485028936,-49.14989372628,
    1.754255135065));
#1818 = CARTESIAN_POINT('',(207.60128395757,-49.03681466211,
    1.713652223103));
#1819 = CARTESIAN_POINT('',(207.56574723642,-48.92616300846,
    1.64937429689));
#1820 = CARTESIAN_POINT('',(207.5191675459,-48.81995463946,
    1.546820993246));
#1821 = CARTESIAN_POINT('',(207.46120946773,-48.71892442748,
    1.397295137536));
#1822 = CARTESIAN_POINT('',(207.39421373071,-48.62554835608,
    1.152871036143));
#1823 = CARTESIAN_POINT('',(207.31804602595,-48.54032689632,
    0.767787000877));
#1824 = CARTESIAN_POINT('',(207.23938571129,-48.46735775756,
    1.523225989786E-13));
#1825 = CARTESIAN_POINT('',(212.,-49.37756299993,0.));
#1826 = CARTESIAN_POINT('',(212.,-48.86507373519,-2.975397705995E-14));
#1827 = CARTESIAN_POINT('',(212.,-48.35261278984,1.079136779936E-13));
#1828 = CARTESIAN_POINT('',(212.,-47.82755186319,-2.153832667773E-13));
#1829 = CARTESIAN_POINT('',(212.,-47.2784184038,2.913225216616E-13));
#1830 = CARTESIAN_POINT('',(212.,-46.6882387001,-2.708944180085E-13));
#1831 = CARTESIAN_POINT('',(212.,-46.0422732183,1.785238623597E-13));
#1832 = CARTESIAN_POINT('',(212.,-45.30583482635,-7.682743330406E-14));
#1833 = CARTESIAN_POINT('',(212.,-44.44348136234,1.731947918415E-14));
#1834 = CARTESIAN_POINT('',(212.,-43.33544275493,0.));
#1835 = ADVANCED_FACE('',(#1836),#1869,.T.);
#1836 = FACE_BOUND('',#1837,.T.);
#1837 = EDGE_LOOP('',(#1838,#1847,#1848,#1856));
#1838 = ORIENTED_EDGE('',*,*,#1839,.F.);
#1839 = EDGE_CURVE('',#750,#1840,#1842,.T.);
#1840 = VERTEX_POINT('',#1841);
#1841 = CARTESIAN_POINT('',(207.26854590262,44.938203068814,7.));
#1842 = CIRCLE('',#1843,7.);
#1843 = AXIS2_PLACEMENT_3D('',#1844,#1845,#1846);
#1844 = CARTESIAN_POINT('',(212.,39.779390984198,7.));
#1845 = DIRECTION('',(0.736973154945,0.675922013911,0.));
#1846 = DIRECTION('',(0.675922013911,-0.736973154945,0.));
#1847 = ORIENTED_EDGE('',*,*,#757,.T.);
#1848 = ORIENTED_EDGE('',*,*,#1849,.T.);
#1849 = EDGE_CURVE('',#758,#1850,#1852,.T.);
#1850 = VERTEX_POINT('',#1851);
#1851 = CARTESIAN_POINT('',(207.681617,45.877552,6.465982544464));
#1852 = ( BOUNDED_CURVE() B_SPLINE_CURVE(2,(#1853,#1854,#1855),
.UNSPECIFIED.,.F.,.F.) B_SPLINE_CURVE_WITH_KNOTS((3,3),(0.,
1.056166814256),.PIECEWISE_BEZIER_KNOTS.) CURVE() 
GEOMETRIC_REPRESENTATION_ITEM() RATIONAL_B_SPLINE_CURVE((1.,
0.831591288692,1.)) REPRESENTATION_ITEM('') );
#1853 = CARTESIAN_POINT('',(212.,45.877552000032,0.));
#1854 = CARTESIAN_POINT('',(207.681617,45.877552,1.79094966398));
#1855 = CARTESIAN_POINT('',(207.681617,45.877552,6.465982544464));
#1856 = ORIENTED_EDGE('',*,*,#1857,.F.);
#1857 = EDGE_CURVE('',#1840,#1850,#1858,.T.);
#1858 = ( BOUNDED_CURVE() B_SPLINE_CURVE(9,(#1859,#1860,#1861,#1862,
    #1863,#1864,#1865,#1866,#1867,#1868),.UNSPECIFIED.,.F.,.F.) 
B_SPLINE_CURVE_WITH_KNOTS((10,10),(6.952460138059,8.008626952315),
.PIECEWISE_BEZIER_KNOTS.) CURVE() GEOMETRIC_REPRESENTATION_ITEM() 
RATIONAL_B_SPLINE_CURVE((1.,1.,1.,1.,1.,1.,1.,1.,1.,1.)) 
REPRESENTATION_ITEM('') );
#1859 = CARTESIAN_POINT('',(207.26854590262,44.938203068814,7.));
#1860 = CARTESIAN_POINT('',(207.35502666289,45.017519729475,
    6.999999999995));
#1861 = CARTESIAN_POINT('',(207.43329249612,45.105793428417,
    6.889379075804));
#1862 = CARTESIAN_POINT('',(207.50228240555,45.202051959813,
    6.787646719769));
#1863 = CARTESIAN_POINT('',(207.56107330955,45.305175412524,
    6.680180326971));
#1864 = CARTESIAN_POINT('',(207.60889059607,45.413924437698,
    6.599479017413));
#1865 = CARTESIAN_POINT('',(207.64515807225,45.526949565925,
    6.531699581759));
#1866 = CARTESIAN_POINT('',(207.66946272299,45.642868451008,
    6.488225499136));
#1867 = CARTESIAN_POINT('',(207.681617,45.760203414336,6.465982544463));
#1868 = CARTESIAN_POINT('',(207.681617,45.877552,6.465982544464));
#1869 = ( BOUNDED_SURFACE() B_SPLINE_SURFACE(2,9,(
    (#1870,#1871,#1872,#1873,#1874,#1875,#1876,#1877,#1878,#1879)
    ,(#1880,#1881,#1882,#1883,#1884,#1885,#1886,#1887,#1888,#1889)
    ,(#1890,#1891,#1892,#1893,#1894,#1895,#1896,#1897,#1898,#1899
)),.UNSPECIFIED.,.F.,.F.,.F.) B_SPLINE_SURFACE_WITH_KNOTS((3,3),(10,10),
  (0.,1.056166814256),(6.952460138059,8.008626952315),
.PIECEWISE_BEZIER_KNOTS.) GEOMETRIC_REPRESENTATION_ITEM() 
RATIONAL_B_SPLINE_SURFACE((
    (1.,1.,1.,1.,1.,1.,1.,1.,1.,1.)
    ,(0.707106781188,0.74905869869,0.774765517952,0.794042911294
      ,0.807424265447,0.817726889661,0.824682126579,0.829308306929
      ,0.831591288692,0.831591288692)
,(1.,1.,1.,1.,1.,1.,1.,1.,1.,1.))) REPRESENTATION_ITEM('') SURFACE() );
#1870 = CARTESIAN_POINT('',(207.26854590262,44.938203068814,7.));
#1871 = CARTESIAN_POINT('',(207.35502666289,45.017519729475,
    6.999999999995));
#1872 = CARTESIAN_POINT('',(207.43329249612,45.105793428417,
    6.889379075804));
#1873 = CARTESIAN_POINT('',(207.50228240555,45.202051959813,
    6.787646719769));
#1874 = CARTESIAN_POINT('',(207.56107330955,45.305175412524,
    6.680180326971));
#1875 = CARTESIAN_POINT('',(207.60889059607,45.413924437698,
    6.599479017413));
#1876 = CARTESIAN_POINT('',(207.64515807225,45.526949565925,
    6.531699581759));
#1877 = CARTESIAN_POINT('',(207.66946272299,45.642868451008,
    6.488225499136));
#1878 = CARTESIAN_POINT('',(207.681617,45.760203414336,6.465982544463));
#1879 = CARTESIAN_POINT('',(207.681617,45.877552,6.465982544464));
#1880 = CARTESIAN_POINT('',(207.26854590262,44.938203068814,
    3.832623107769E-11));
#1881 = CARTESIAN_POINT('',(207.35018320572,45.013077506175,
    0.784086542322));
#1882 = CARTESIAN_POINT('',(207.42943091287,45.100815762497,
    1.17186902815));
#1883 = CARTESIAN_POINT('',(207.49909693645,45.197047623274,
    1.417253917252));
#1884 = CARTESIAN_POINT('',(207.55943774648,45.301322280123,
    1.565890165537));
#1885 = CARTESIAN_POINT('',(207.60789163638,45.410988529644,
    1.667854043263));
#1886 = CARTESIAN_POINT('',(207.64489731197,45.525325702306,
    1.731249309842));
#1887 = CARTESIAN_POINT('',(207.66942055449,45.642211397152,
    1.77133233211));
#1888 = CARTESIAN_POINT('',(207.681617,45.760203414336,1.790949663982));
#1889 = CARTESIAN_POINT('',(207.681617,45.877552,1.79094966398));
#1890 = CARTESIAN_POINT('',(212.,39.77939098425,0.));
#1891 = CARTESIAN_POINT('',(212.,40.906440978155,-1.7763568394E-15));
#1892 = CARTESIAN_POINT('',(212.,41.778996060919,8.881784197001E-16));
#1893 = CARTESIAN_POINT('',(212.,42.522739468058,3.10862446895E-15));
#1894 = CARTESIAN_POINT('',(212.,43.173651412533,-1.287858708565E-14));
#1895 = CARTESIAN_POINT('',(212.,43.767799892018,2.353672812205E-14));
#1896 = CARTESIAN_POINT('',(212.,44.320059104259,-2.30926389122E-14));
#1897 = CARTESIAN_POINT('',(212.,44.847728515352,1.33226762955E-14));
#1898 = CARTESIAN_POINT('',(212.,45.362642499185,-4.440892098501E-15));
#1899 = CARTESIAN_POINT('',(212.,45.877552000032,0.));
#1900 = ADVANCED_FACE('',(#1901),#1918,.T.);
#1901 = FACE_BOUND('',#1902,.T.);
#1902 = EDGE_LOOP('',(#1903,#1904,#1905,#1906));
#1903 = ORIENTED_EDGE('',*,*,#1849,.F.);
#1904 = ORIENTED_EDGE('',*,*,#772,.T.);
#1905 = ORIENTED_EDGE('',*,*,#1513,.T.);
#1906 = ORIENTED_EDGE('',*,*,#1907,.F.);
#1907 = EDGE_CURVE('',#1850,#1514,#1908,.T.);
#1908 = ( BOUNDED_CURVE() B_SPLINE_CURVE(8,(#1909,#1910,#1911,#1912,
    #1913,#1914,#1915,#1916,#1917),.UNSPECIFIED.,.F.,.F.) 
B_SPLINE_CURVE_WITH_KNOTS((9,9),(8.008626952315,8.953730338737),
.PIECEWISE_BEZIER_KNOTS.) CURVE() GEOMETRIC_REPRESENTATION_ITEM() 
RATIONAL_B_SPLINE_CURVE((1.,1.,1.,1.,1.,1.,1.,1.,1.)) 
REPRESENTATION_ITEM('') );
#1909 = CARTESIAN_POINT('',(207.681617,45.877552,6.465982544464));
#1910 = CARTESIAN_POINT('',(207.681617,45.995686618729,6.465982544465));
#1911 = CARTESIAN_POINT('',(207.66910372528,46.113835256922,
    6.488664706823));
#1912 = CARTESIAN_POINT('',(207.64407196501,46.230437388398,
    6.534700582146));
#1913 = CARTESIAN_POINT('',(207.60675428784,46.343941583363,
    6.600731335229));
#1914 = CARTESIAN_POINT('',(207.557611423,46.452844976723,6.690296601157
    ));
#1915 = CARTESIAN_POINT('',(207.49732124951,46.555730033029,
    6.789510125312));
#1916 = CARTESIAN_POINT('',(207.42675892869,46.651302645325,
    6.902069606349));
#1917 = CARTESIAN_POINT('',(207.34696855452,46.738423019568,
    6.965875616156));
#1918 = ( BOUNDED_SURFACE() B_SPLINE_SURFACE(2,8,(
    (#1919,#1920,#1921,#1922,#1923,#1924,#1925,#1926,#1927)
    ,(#1928,#1929,#1930,#1931,#1932,#1933,#1934,#1935,#1936)
    ,(#1937,#1938,#1939,#1940,#1941,#1942,#1943,#1944,#1945
)),.UNSPECIFIED.,.F.,.F.,.F.) B_SPLINE_SURFACE_WITH_KNOTS((3,3),(9,9),(
    0.,0.945103386422),(8.008626952315,8.953730338737),
.PIECEWISE_BEZIER_KNOTS.) GEOMETRIC_REPRESENTATION_ITEM() 
RATIONAL_B_SPLINE_SURFACE((
    (1.,1.,1.,1.,1.,1.,1.,1.,1.)
    ,(0.831591288692,0.831591288692,0.829227959135,0.824541080971
      ,0.817131601517,0.80682715334,0.792121560909,0.772179203617
      ,0.741154769522)
,(1.,1.,1.,1.,1.,1.,1.,1.,1.))) REPRESENTATION_ITEM('') SURFACE() );
#1919 = CARTESIAN_POINT('',(207.681617,45.877552,6.465982544464));
#1920 = CARTESIAN_POINT('',(207.681617,45.995686618729,6.465982544465));
#1921 = CARTESIAN_POINT('',(207.66910372528,46.113835256922,
    6.488664706823));
#1922 = CARTESIAN_POINT('',(207.64407196501,46.230437388398,
    6.534700582146));
#1923 = CARTESIAN_POINT('',(207.60675428784,46.343941583363,
    6.600731335229));
#1924 = CARTESIAN_POINT('',(207.557611423,46.452844976723,6.690296601157
    ));
#1925 = CARTESIAN_POINT('',(207.49732124951,46.555730033029,
    6.789510125312));
#1926 = CARTESIAN_POINT('',(207.42675892869,46.651302645325,
    6.902069606349));
#1927 = CARTESIAN_POINT('',(207.34696855452,46.738423019568,
    6.965875616156));
#1928 = CARTESIAN_POINT('',(207.681617,45.877552,1.79094966398));
#1929 = CARTESIAN_POINT('',(207.681617,45.995686618729,1.790949663979));
#1930 = CARTESIAN_POINT('',(207.66907452912,46.114500619697,
    1.770619810656));
#1931 = CARTESIAN_POINT('',(207.64372129839,46.232140311156,
    1.730121422743));
#1932 = CARTESIAN_POINT('',(207.60590302616,46.346653042354,
    1.661943660214));
#1933 = CARTESIAN_POINT('',(207.55574390456,46.456582507371,
    1.559200485162));
#1934 = CARTESIAN_POINT('',(207.49478218221,46.559690297307,
    1.391715747993));
#1935 = CARTESIAN_POINT('',(207.42355312984,46.654802947193,
    1.129313207215));
#1936 = CARTESIAN_POINT('',(207.34696855452,46.738423019568,
    0.625311417191));
#1937 = CARTESIAN_POINT('',(212.,45.877552000032,0.));
#1938 = CARTESIAN_POINT('',(212.,46.39591050617,4.440892098501E-15));
#1939 = CARTESIAN_POINT('',(212.,46.914341952648,-1.110223024625E-14));
#1940 = CARTESIAN_POINT('',(212.,47.446138667409,1.465494392505E-14));
#1941 = CARTESIAN_POINT('',(212.,48.005844365491,-1.06581410364E-14));
#1942 = CARTESIAN_POINT('',(212.,48.607660486804,4.440892098501E-16));
#1943 = CARTESIAN_POINT('',(212.,49.278394882898,3.10862446895E-15));
#1944 = CARTESIAN_POINT('',(212.,50.046750960216,-8.881784197001E-16));
#1945 = CARTESIAN_POINT('',(212.,51.,0.));
#1946 = ADVANCED_FACE('',(#1947),#1950,.T.);
#1947 = FACE_BOUND('',#1948,.T.);
#1948 = EDGE_LOOP('',(#1949));
#1949 = ORIENTED_EDGE('',*,*,#809,.T.);
#1950 = PLANE('',#1951);
#1951 = AXIS2_PLACEMENT_3D('',#1952,#1953,#1954);
#1952 = CARTESIAN_POINT('',(28.,-2.5,6.5));
#1953 = DIRECTION('',(0.,0.,1.));
#1954 = DIRECTION('',(1.,0.,0.));
#1955 = ADVANCED_FACE('',(#1956),#1959,.T.);
#1956 = FACE_BOUND('',#1957,.T.);
#1957 = EDGE_LOOP('',(#1958));
#1958 = ORIENTED_EDGE('',*,*,#834,.T.);
#1959 = PLANE('',#1960);
#1960 = AXIS2_PLACEMENT_3D('',#1961,#1962,#1963);
#1961 = CARTESIAN_POINT('',(28.,-2.5,6.5));
#1962 = DIRECTION('',(0.,0.,1.));
#1963 = DIRECTION('',(1.,0.,0.));
#1964 = ADVANCED_FACE('',(#1965),#1968,.T.);
#1965 = FACE_BOUND('',#1966,.T.);
#1966 = EDGE_LOOP('',(#1967));
#1967 = ORIENTED_EDGE('',*,*,#859,.T.);
#1968 = PLANE('',#1969);
#1969 = AXIS2_PLACEMENT_3D('',#1970,#1971,#1972);
#1970 = CARTESIAN_POINT('',(28.,-2.5,6.5));
#1971 = DIRECTION('',(0.,0.,1.));
#1972 = DIRECTION('',(1.,0.,0.));
#1973 = ADVANCED_FACE('',(#1974),#1980,.T.);
#1974 = FACE_BOUND('',#1975,.T.);
#1975 = EDGE_LOOP('',(#1976,#1977,#1978,#1979));
#1976 = ORIENTED_EDGE('',*,*,#1117,.F.);
#1977 = ORIENTED_EDGE('',*,*,#963,.T.);
#1978 = ORIENTED_EDGE('',*,*,#986,.T.);
#1979 = ORIENTED_EDGE('',*,*,#1011,.T.);
#1980 = PLANE('',#1981);
#1981 = AXIS2_PLACEMENT_3D('',#1982,#1983,#1984);
#1982 = CARTESIAN_POINT('',(189.489189,31.,-0.354641));
#1983 = DIRECTION('',(0.,1.,0.));
#1984 = DIRECTION('',(0.,0.,1.));
#1985 = ADVANCED_FACE('',(#1986),#2006,.F.);
#1986 = FACE_BOUND('',#1987,.T.);
#1987 = EDGE_LOOP('',(#1988,#1989,#1990,#1999));
#1988 = ORIENTED_EDGE('',*,*,#1149,.F.);
#1989 = ORIENTED_EDGE('',*,*,#1073,.T.);
#1990 = ORIENTED_EDGE('',*,*,#1991,.T.);
#1991 = EDGE_CURVE('',#1074,#1992,#1994,.T.);
#1992 = VERTEX_POINT('',#1993);
#1993 = CARTESIAN_POINT('',(-149.506616,45.850079,7.));
#1994 = CIRCLE('',#1995,7.);
#1995 = AXIS2_PLACEMENT_3D('',#1996,#1997,#1998);
#1996 = CARTESIAN_POINT('',(-142.506616,45.850079,7.));
#1997 = DIRECTION('',(-0.,1.,0.));
#1998 = DIRECTION('',(1.,0.,0.));
#1999 = ORIENTED_EDGE('',*,*,#2000,.F.);
#2000 = EDGE_CURVE('',#1150,#1992,#2001,.T.);
#2001 = CIRCLE('',#2002,1.259665);
#2002 = AXIS2_PLACEMENT_3D('',#2003,#2004,#2005);
#2003 = CARTESIAN_POINT('',(-150.766281,45.850079,7.));
#2004 = DIRECTION('',(0.,0.,1.));
#2005 = DIRECTION('',(1.,0.,0.));
#2006 = TOROIDAL_SURFACE('',#2007,8.259665,7.);
#2007 = AXIS2_PLACEMENT_3D('',#2008,#2009,#2010);
#2008 = CARTESIAN_POINT('',(-150.766281,45.850079,7.));
#2009 = DIRECTION('',(-0.,-0.,-1.));
#2010 = DIRECTION('',(1.,0.,0.));
#2011 = ADVANCED_FACE('',(#2012),#2024,.F.);
#2012 = FACE_BOUND('',#2013,.T.);
#2013 = EDGE_LOOP('',(#2014,#2015,#2016,#2017));
#2014 = ORIENTED_EDGE('',*,*,#1991,.F.);
#2015 = ORIENTED_EDGE('',*,*,#1125,.T.);
#2016 = ORIENTED_EDGE('',*,*,#1618,.T.);
#2017 = ORIENTED_EDGE('',*,*,#2018,.F.);
#2018 = EDGE_CURVE('',#1992,#1619,#2019,.T.);
#2019 = CIRCLE('',#2020,1.259665);
#2020 = AXIS2_PLACEMENT_3D('',#2021,#2022,#2023);
#2021 = CARTESIAN_POINT('',(-150.766281,45.850079,7.));
#2022 = DIRECTION('',(0.,0.,1.));
#2023 = DIRECTION('',(1.,0.,0.));
#2024 = TOROIDAL_SURFACE('',#2025,8.259665,7.);
#2025 = AXIS2_PLACEMENT_3D('',#2026,#2027,#2028);
#2026 = CARTESIAN_POINT('',(-150.766281,45.850079,7.));
#2027 = DIRECTION('',(-0.,-0.,-1.));
#2028 = DIRECTION('',(1.,0.,0.));
#2029 = ADVANCED_FACE('',(#2030),#2042,.F.);
#2030 = FACE_BOUND('',#2031,.T.);
#2031 = EDGE_LOOP('',(#2032,#2033,#2034,#2035));
#2032 = ORIENTED_EDGE('',*,*,#1522,.F.);
#2033 = ORIENTED_EDGE('',*,*,#1108,.T.);
#2034 = ORIENTED_EDGE('',*,*,#1839,.T.);
#2035 = ORIENTED_EDGE('',*,*,#2036,.F.);
#2036 = EDGE_CURVE('',#1523,#1840,#2037,.T.);
#2037 = CIRCLE('',#2038,1.274604);
#2038 = AXIS2_PLACEMENT_3D('',#2039,#2040,#2041);
#2039 = CARTESIAN_POINT('',(206.407013,45.877552,7.));
#2040 = DIRECTION('',(0.,0.,1.));
#2041 = DIRECTION('',(1.,0.,0.));
#2042 = TOROIDAL_SURFACE('',#2043,8.274604,7.);
#2043 = AXIS2_PLACEMENT_3D('',#2044,#2045,#2046);
#2044 = CARTESIAN_POINT('',(206.407013,45.877552,7.));
#2045 = DIRECTION('',(-0.,-0.,-1.));
#2046 = DIRECTION('',(1.,0.,0.));
#2047 = ADVANCED_FACE('',(#2048),#2060,.F.);
#2048 = FACE_BOUND('',#2049,.T.);
#2049 = EDGE_LOOP('',(#2050,#2051,#2052,#2053));
#2050 = ORIENTED_EDGE('',*,*,#1783,.F.);
#2051 = ORIENTED_EDGE('',*,*,#1100,.T.);
#2052 = ORIENTED_EDGE('',*,*,#1427,.T.);
#2053 = ORIENTED_EDGE('',*,*,#2054,.F.);
#2054 = EDGE_CURVE('',#1784,#1428,#2055,.T.);
#2055 = CIRCLE('',#2056,1.241532);
#2056 = AXIS2_PLACEMENT_3D('',#2057,#2058,#2059);
#2057 = CARTESIAN_POINT('',(206.395035,-49.377563,7.));
#2058 = DIRECTION('',(0.,0.,1.));
#2059 = DIRECTION('',(1.,0.,0.));
#2060 = TOROIDAL_SURFACE('',#2061,8.241532,7.);
#2061 = AXIS2_PLACEMENT_3D('',#2062,#2063,#2064);
#2062 = CARTESIAN_POINT('',(206.395035,-49.377563,7.));
#2063 = DIRECTION('',(-0.,-0.,-1.));
#2064 = DIRECTION('',(1.,0.,0.));
#2065 = ADVANCED_FACE('',(#2066),#2086,.F.);
#2066 = FACE_BOUND('',#2067,.T.);
#2067 = EDGE_LOOP('',(#2068,#2069,#2070,#2079));
#2068 = ORIENTED_EDGE('',*,*,#1368,.F.);
#2069 = ORIENTED_EDGE('',*,*,#1092,.T.);
#2070 = ORIENTED_EDGE('',*,*,#2071,.T.);
#2071 = EDGE_CURVE('',#1084,#2072,#2074,.T.);
#2072 = VERTEX_POINT('',#2073);
#2073 = CARTESIAN_POINT('',(-149.474361,-49.36882,7.));
#2074 = CIRCLE('',#2075,7.);
#2075 = AXIS2_PLACEMENT_3D('',#2076,#2077,#2078);
#2076 = CARTESIAN_POINT('',(-142.474361,-49.36882,7.));
#2077 = DIRECTION('',(-0.,1.,0.));
#2078 = DIRECTION('',(1.,0.,0.));
#2079 = ORIENTED_EDGE('',*,*,#2080,.F.);
#2080 = EDGE_CURVE('',#1369,#2072,#2081,.T.);
#2081 = CIRCLE('',#2082,1.289128);
#2082 = AXIS2_PLACEMENT_3D('',#2083,#2084,#2085);
#2083 = CARTESIAN_POINT('',(-150.763489,-49.36882,7.));
#2084 = DIRECTION('',(0.,0.,1.));
#2085 = DIRECTION('',(1.,0.,0.));
#2086 = TOROIDAL_SURFACE('',#2087,8.289128,7.);
#2087 = AXIS2_PLACEMENT_3D('',#2088,#2089,#2090);
#2088 = CARTESIAN_POINT('',(-150.763489,-49.36882,7.));
#2089 = DIRECTION('',(-0.,-0.,-1.));
#2090 = DIRECTION('',(1.,0.,0.));
#2091 = ADVANCED_FACE('',(#2092),#2104,.F.);
#2092 = FACE_BOUND('',#2093,.T.);
#2093 = EDGE_LOOP('',(#2094,#2095,#2096,#2097));
#2094 = ORIENTED_EDGE('',*,*,#2071,.F.);
#2095 = ORIENTED_EDGE('',*,*,#1083,.T.);
#2096 = ORIENTED_EDGE('',*,*,#1236,.T.);
#2097 = ORIENTED_EDGE('',*,*,#2098,.F.);
#2098 = EDGE_CURVE('',#2072,#1237,#2099,.T.);
#2099 = CIRCLE('',#2100,1.289128);
#2100 = AXIS2_PLACEMENT_3D('',#2101,#2102,#2103);
#2101 = CARTESIAN_POINT('',(-150.763489,-49.36882,7.));
#2102 = DIRECTION('',(0.,0.,1.));
#2103 = DIRECTION('',(1.,0.,0.));
#2104 = TOROIDAL_SURFACE('',#2105,8.289128,7.);
#2105 = AXIS2_PLACEMENT_3D('',#2106,#2107,#2108);
#2106 = CARTESIAN_POINT('',(-150.763489,-49.36882,7.));
#2107 = DIRECTION('',(-0.,-0.,-1.));
#2108 = DIRECTION('',(1.,0.,0.));
#2109 = ADVANCED_FACE('',(#2110),#2132,.T.);
#2110 = FACE_BOUND('',#2111,.F.);
#2111 = EDGE_LOOP('',(#2112,#2120,#2127,#2128,#2129,#2130,#2131));
#2112 = ORIENTED_EDGE('',*,*,#2113,.T.);
#2113 = EDGE_CURVE('',#1992,#2114,#2116,.T.);
#2114 = VERTEX_POINT('',#2115);
#2115 = CARTESIAN_POINT('',(-149.506616,45.850079,8.));
#2116 = LINE('',#2117,#2118);
#2117 = CARTESIAN_POINT('',(-149.506616,45.850079,0.));
#2118 = VECTOR('',#2119,1.);
#2119 = DIRECTION('',(0.,0.,1.));
#2120 = ORIENTED_EDGE('',*,*,#2121,.T.);
#2121 = EDGE_CURVE('',#2114,#2114,#2122,.T.);
#2122 = CIRCLE('',#2123,1.259665);
#2123 = AXIS2_PLACEMENT_3D('',#2124,#2125,#2126);
#2124 = CARTESIAN_POINT('',(-150.766281,45.850079,8.));
#2125 = DIRECTION('',(0.,0.,1.));
#2126 = DIRECTION('',(1.,0.,0.));
#2127 = ORIENTED_EDGE('',*,*,#2113,.F.);
#2128 = ORIENTED_EDGE('',*,*,#2000,.F.);
#2129 = ORIENTED_EDGE('',*,*,#1157,.F.);
#2130 = ORIENTED_EDGE('',*,*,#1629,.F.);
#2131 = ORIENTED_EDGE('',*,*,#2018,.F.);
#2132 = CYLINDRICAL_SURFACE('',#2133,1.259665);
#2133 = AXIS2_PLACEMENT_3D('',#2134,#2135,#2136);
#2134 = CARTESIAN_POINT('',(-150.766281,45.850079,0.));
#2135 = DIRECTION('',(-0.,-0.,-1.));
#2136 = DIRECTION('',(1.,0.,0.));
#2137 = ADVANCED_FACE('',(#2138),#2167,.T.);
#2138 = FACE_BOUND('',#2139,.F.);
#2139 = EDGE_LOOP('',(#2140,#2148,#2155,#2156,#2157,#2158,#2165,#2166));
#2140 = ORIENTED_EDGE('',*,*,#2141,.T.);
#2141 = EDGE_CURVE('',#2072,#2142,#2144,.T.);
#2142 = VERTEX_POINT('',#2143);
#2143 = CARTESIAN_POINT('',(-149.474361,-49.36882,8.));
#2144 = LINE('',#2145,#2146);
#2145 = CARTESIAN_POINT('',(-149.474361,-49.36882,0.));
#2146 = VECTOR('',#2147,1.);
#2147 = DIRECTION('',(0.,0.,1.));
#2148 = ORIENTED_EDGE('',*,*,#2149,.T.);
#2149 = EDGE_CURVE('',#2142,#2142,#2150,.T.);
#2150 = CIRCLE('',#2151,1.289128);
#2151 = AXIS2_PLACEMENT_3D('',#2152,#2153,#2154);
#2152 = CARTESIAN_POINT('',(-150.763489,-49.36882,8.));
#2153 = DIRECTION('',(0.,0.,1.));
#2154 = DIRECTION('',(1.,0.,0.));
#2155 = ORIENTED_EDGE('',*,*,#2141,.F.);
#2156 = ORIENTED_EDGE('',*,*,#2080,.F.);
#2157 = ORIENTED_EDGE('',*,*,#1376,.F.);
#2158 = ORIENTED_EDGE('',*,*,#2159,.F.);
#2159 = EDGE_CURVE('',#1247,#1359,#2160,.T.);
#2160 = CIRCLE('',#2161,1.289128);
#2161 = AXIS2_PLACEMENT_3D('',#2162,#2163,#2164);
#2162 = CARTESIAN_POINT('',(-150.763489,-49.36882,7.));
#2163 = DIRECTION('',(0.,0.,1.));
#2164 = DIRECTION('',(1.,0.,0.));
#2165 = ORIENTED_EDGE('',*,*,#1254,.F.);
#2166 = ORIENTED_EDGE('',*,*,#2098,.F.);
#2167 = CYLINDRICAL_SURFACE('',#2168,1.289128);
#2168 = AXIS2_PLACEMENT_3D('',#2169,#2170,#2171);
#2169 = CARTESIAN_POINT('',(-150.763489,-49.36882,0.));
#2170 = DIRECTION('',(-0.,-0.,-1.));
#2171 = DIRECTION('',(1.,0.,0.));
#2172 = ADVANCED_FACE('',(#2173),#2179,.F.);
#2173 = FACE_BOUND('',#2174,.T.);
#2174 = EDGE_LOOP('',(#2175,#2176,#2177,#2178));
#2175 = ORIENTED_EDGE('',*,*,#1246,.F.);
#2176 = ORIENTED_EDGE('',*,*,#1343,.T.);
#2177 = ORIENTED_EDGE('',*,*,#1358,.T.);
#2178 = ORIENTED_EDGE('',*,*,#2159,.F.);
#2179 = TOROIDAL_SURFACE('',#2180,8.289128,7.);
#2180 = AXIS2_PLACEMENT_3D('',#2181,#2182,#2183);
#2181 = CARTESIAN_POINT('',(-150.763489,-49.36882,7.));
#2182 = DIRECTION('',(-0.,-0.,-1.));
#2183 = DIRECTION('',(1.,0.,0.));
#2184 = ADVANCED_FACE('',(#2185),#2214,.T.);
#2185 = FACE_BOUND('',#2186,.F.);
#2186 = EDGE_LOOP('',(#2187,#2195,#2202,#2203,#2204,#2211,#2212,#2213));
#2187 = ORIENTED_EDGE('',*,*,#2188,.T.);
#2188 = EDGE_CURVE('',#1727,#2189,#2191,.T.);
#2189 = VERTEX_POINT('',#2190);
#2190 = CARTESIAN_POINT('',(207.636567,-49.377563,8.));
#2191 = LINE('',#2192,#2193);
#2192 = CARTESIAN_POINT('',(207.636567,-49.377563,0.));
#2193 = VECTOR('',#2194,1.);
#2194 = DIRECTION('',(0.,0.,1.));
#2195 = ORIENTED_EDGE('',*,*,#2196,.T.);
#2196 = EDGE_CURVE('',#2189,#2189,#2197,.T.);
#2197 = CIRCLE('',#2198,1.241532);
#2198 = AXIS2_PLACEMENT_3D('',#2199,#2200,#2201);
#2199 = CARTESIAN_POINT('',(206.395035,-49.377563,8.));
#2200 = DIRECTION('',(0.,0.,1.));
#2201 = DIRECTION('',(1.,0.,0.));
#2202 = ORIENTED_EDGE('',*,*,#2188,.F.);
#2203 = ORIENTED_EDGE('',*,*,#1734,.F.);
#2204 = ORIENTED_EDGE('',*,*,#2205,.F.);
#2205 = EDGE_CURVE('',#1438,#1717,#2206,.T.);
#2206 = CIRCLE('',#2207,1.241532);
#2207 = AXIS2_PLACEMENT_3D('',#2208,#2209,#2210);
#2208 = CARTESIAN_POINT('',(206.395035,-49.377563,7.));
#2209 = DIRECTION('',(0.,0.,1.));
#2210 = DIRECTION('',(1.,0.,0.));
#2211 = ORIENTED_EDGE('',*,*,#1445,.F.);
#2212 = ORIENTED_EDGE('',*,*,#2054,.F.);
#2213 = ORIENTED_EDGE('',*,*,#1792,.F.);
#2214 = CYLINDRICAL_SURFACE('',#2215,1.241532);
#2215 = AXIS2_PLACEMENT_3D('',#2216,#2217,#2218);
#2216 = CARTESIAN_POINT('',(206.395035,-49.377563,0.));
#2217 = DIRECTION('',(-0.,-0.,-1.));
#2218 = DIRECTION('',(1.,0.,0.));
#2219 = ADVANCED_FACE('',(#2220),#2226,.F.);
#2220 = FACE_BOUND('',#2221,.T.);
#2221 = EDGE_LOOP('',(#2222,#2223,#2224,#2225));
#2222 = ORIENTED_EDGE('',*,*,#1437,.F.);
#2223 = ORIENTED_EDGE('',*,*,#1498,.T.);
#2224 = ORIENTED_EDGE('',*,*,#1716,.T.);
#2225 = ORIENTED_EDGE('',*,*,#2205,.F.);
#2226 = TOROIDAL_SURFACE('',#2227,8.241532,7.);
#2227 = AXIS2_PLACEMENT_3D('',#2228,#2229,#2230);
#2228 = CARTESIAN_POINT('',(206.395035,-49.377563,7.));
#2229 = DIRECTION('',(-0.,-0.,-1.));
#2230 = DIRECTION('',(1.,0.,0.));
#2231 = ADVANCED_FACE('',(#2232),#2254,.T.);
#2232 = FACE_BOUND('',#2233,.F.);
#2233 = EDGE_LOOP('',(#2234,#2242,#2249,#2250,#2251,#2252,#2253));
#2234 = ORIENTED_EDGE('',*,*,#2235,.T.);
#2235 = EDGE_CURVE('',#1850,#2236,#2238,.T.);
#2236 = VERTEX_POINT('',#2237);
#2237 = CARTESIAN_POINT('',(207.681617,45.877552,8.));
#2238 = LINE('',#2239,#2240);
#2239 = CARTESIAN_POINT('',(207.681617,45.877552,0.));
#2240 = VECTOR('',#2241,1.);
#2241 = DIRECTION('',(0.,0.,1.));
#2242 = ORIENTED_EDGE('',*,*,#2243,.T.);
#2243 = EDGE_CURVE('',#2236,#2236,#2244,.T.);
#2244 = CIRCLE('',#2245,1.274604);
#2245 = AXIS2_PLACEMENT_3D('',#2246,#2247,#2248);
#2246 = CARTESIAN_POINT('',(206.407013,45.877552,8.));
#2247 = DIRECTION('',(0.,0.,1.));
#2248 = DIRECTION('',(1.,0.,0.));
#2249 = ORIENTED_EDGE('',*,*,#2235,.F.);
#2250 = ORIENTED_EDGE('',*,*,#1857,.F.);
#2251 = ORIENTED_EDGE('',*,*,#2036,.F.);
#2252 = ORIENTED_EDGE('',*,*,#1531,.F.);
#2253 = ORIENTED_EDGE('',*,*,#1907,.F.);
#2254 = CYLINDRICAL_SURFACE('',#2255,1.274604);
#2255 = AXIS2_PLACEMENT_3D('',#2256,#2257,#2258);
#2256 = CARTESIAN_POINT('',(206.407013,45.877552,0.));
#2257 = DIRECTION('',(-0.,-0.,-1.));
#2258 = DIRECTION('',(1.,0.,0.));
#2259 = ADVANCED_FACE('',(#2260),#2263,.T.);
#2260 = FACE_BOUND('',#2261,.T.);
#2261 = EDGE_LOOP('',(#2262));
#2262 = ORIENTED_EDGE('',*,*,#2121,.T.);
#2263 = PLANE('',#2264);
#2264 = AXIS2_PLACEMENT_3D('',#2265,#2266,#2267);
#2265 = CARTESIAN_POINT('',(26.666672442598,-1.720675982335,8.));
#2266 = DIRECTION('',(0.,0.,1.));
#2267 = DIRECTION('',(1.,0.,0.));
#2268 = ADVANCED_FACE('',(#2269),#2272,.T.);
#2269 = FACE_BOUND('',#2270,.T.);
#2270 = EDGE_LOOP('',(#2271));
#2271 = ORIENTED_EDGE('',*,*,#2149,.T.);
#2272 = PLANE('',#2273);
#2273 = AXIS2_PLACEMENT_3D('',#2274,#2275,#2276);
#2274 = CARTESIAN_POINT('',(26.666672442598,-1.720675982335,8.));
#2275 = DIRECTION('',(0.,0.,1.));
#2276 = DIRECTION('',(1.,0.,0.));
#2277 = ADVANCED_FACE('',(#2278),#2281,.T.);
#2278 = FACE_BOUND('',#2279,.T.);
#2279 = EDGE_LOOP('',(#2280));
#2280 = ORIENTED_EDGE('',*,*,#2196,.T.);
#2281 = PLANE('',#2282);
#2282 = AXIS2_PLACEMENT_3D('',#2283,#2284,#2285);
#2283 = CARTESIAN_POINT('',(26.666672442598,-1.720675982335,8.));
#2284 = DIRECTION('',(0.,0.,1.));
#2285 = DIRECTION('',(1.,0.,0.));
#2286 = ADVANCED_FACE('',(#2287),#2290,.T.);
#2287 = FACE_BOUND('',#2288,.T.);
#2288 = EDGE_LOOP('',(#2289));
#2289 = ORIENTED_EDGE('',*,*,#2243,.T.);
#2290 = PLANE('',#2291);
#2291 = AXIS2_PLACEMENT_3D('',#2292,#2293,#2294);
#2292 = CARTESIAN_POINT('',(26.666672442598,-1.720675982335,8.));
#2293 = DIRECTION('',(0.,0.,1.));
#2294 = DIRECTION('',(1.,0.,0.));
#2295 = ( GEOMETRIC_REPRESENTATION_CONTEXT(3) 
GLOBAL_UNCERTAINTY_ASSIGNED_CONTEXT((#2299)) 
GLOBAL_UNIT_ASSIGNED_CONTEXT((#2296,#2297,#2298)) REPRESENTATION_CONTEXT
('Context #1','3D Context with UNIT and UNCERTAINTY') );
#2296 = ( LENGTH_UNIT() NAMED_UNIT(*) SI_UNIT(.MILLI.,.METRE.) );
#2297 = ( NAMED_UNIT(*) PLANE_ANGLE_UNIT() SI_UNIT($,.RADIAN.) );
#2298 = ( NAMED_UNIT(*) SI_UNIT($,.STERADIAN.) SOLID_ANGLE_UNIT() );
#2299 = UNCERTAINTY_MEASURE_WITH_UNIT(LENGTH_MEASURE(1.E-07),#2296,
  'distance_accuracy_value','confusion accuracy');
#2300 = PRODUCT_RELATED_PRODUCT_CATEGORY('part',$,(#7));
#2301 = MECHANICAL_DESIGN_GEOMETRIC_PRESENTATION_REPRESENTATION('',(
    #2302),#2295);
#2302 = STYLED_ITEM('color',(#2303),#15);
#2303 = PRESENTATION_STYLE_ASSIGNMENT((#2304,#2310));
#2304 = SURFACE_STYLE_USAGE(.BOTH.,#2305);
#2305 = SURFACE_SIDE_STYLE('',(#2306));
#2306 = SURFACE_STYLE_FILL_AREA(#2307);
#2307 = FILL_AREA_STYLE('',(#2308));
#2308 = FILL_AREA_STYLE_COLOUR('',#2309);
#2309 = COLOUR_RGB('',0.447058818107,0.474509808674,0.501960817233);
#2310 = CURVE_STYLE('',#2311,POSITIVE_LENGTH_MEASURE(0.1),#2312);
#2311 = DRAUGHTING_PRE_DEFINED_CURVE_FONT('continuous');
#2312 = COLOUR_RGB('',9.803921802644E-02,9.803921802644E-02,
  9.803921802644E-02);
ENDSEC;
END-ISO-10303-21;
